,,,,CONTROL DE INVENTARIO MENSUAL,,,,,,,,
,,,,,,,,,,,,
#,Numero de Parte#,Descripcion de Parte,Proveedor,Tipo de Transaccion (ENTERADA/SALIDA/AJUSTE),Cantidad,Balance,Fecha,Solicitante,Departamento,Autorizado por:,Comentarios,
74,,tornillos 5/8x2 rosca seguida con tuerca ,tusa,ENTRADA,60,60,4/2/2026,JAZ,TALLER CAJAS,JESUS SOTO ,,
1,,"wiper 22""",diesel parts,AJUSTE ENTRADA,1,1,5/2/2026,FRAGA ,TALLER TRACTOS,JESUS SOTO ,,
2,,base para hembra grande,promare o trasejusa,AJUSTE ENTRADA,1,1,5/2/2026,JAZ,TALLER CAJAS,JESUS SOTO ,,
3,,carbuclean,diesel parts,AJUSTE ENTRADA,4,4,5/2/2026,HECTOR,TALLER TRACTOS,JESUS SOTO ,,
4,,conexion de resorte 3/8,cemaco,AJUSTE ENTRADA,1,1,5/2/2026,,SELECCIONAR,JESUS SOTO ,,
5,,valvula control tablero,,AJUSTE ENTRADA,1,1,5/2/2026,FRAGA ,TALLER TRACTOS,JESUS SOTO ,,
6,,conector 9007,diesel parts,AJUSTE ENTRADA,1,1,5/2/2026,FRAGA ,TALLER TRACTOS,JESUS SOTO ,,
7,,foco 9007,diesel parts,AJUSTE ENTRADA,2,2,5/2/2026,FRAGA ,TALLER TRACTOS,JESUS SOTO ,,
8,,foco 9006,diesel parts,AJUSTE ENTRADA,4,4,5/2/2026,FRAGA ,TALLER TRACTOS,JESUS SOTO ,,
9,,ganchos p/cofre,,AJUSTE ENTRADA,2,2,5/2/2026,FRAGA ,TALLER TRACTOS,JESUS SOTO ,,
10,,mangas p/ soldar ,,AJUSTE ENTRADA,4,4,5/2/2026,JAZ,TALLER CAJAS,JESUS SOTO ,,
11,,hembra hexagonal,promare o trasejusa,AJUSTE ENTRADA,2,2,5/2/2026,JAZ,TALLER CAJAS,JESUS SOTO ,,
12,,cadenero p/puerta ,promare o trasejusa,AJUSTE ENTRADA,28,28,5/2/2026,JAZ,TALLER CAJAS,JESUS SOTO ,,
13,,pivotes p rin de fierro,diesel parts,AJUSTE ENTRADA,8,8,5/2/2026,FRAGA ,TALLER TRACTOS,JESUS SOTO ,,
14,,parches xrp-10,muñoz car ,AJUSTE ENTRADA,19,19,5/2/2026,JAZ,TALLER CAJAS,JESUS SOTO ,,
15,,parches pr12,muñoz car ,AJUSTE ENTRADA,7,7,5/2/2026,JAZ,TALLER CAJAS,JESUS SOTO ,,
16,,balero eje 3,,AJUSTE ENTRADA,2,2,5/2/2026,FRAGA ,TALLER TRACTOS,JESUS SOTO ,,
17,,zapatas p/ pila 3/8,diesel parts,AJUSTE ENTRADA,3,3,5/2/2026,FRAGA ,TALLER TRACTOS,JESUS SOTO ,,
18,,disco de corte 7,agmaq,AJUSTE ENTRADA,3,3,5/2/2026,JAZ,TALLER CAJAS,JESUS SOTO ,,
19,2972800,plafon redondo rojo 4,apymsa,AJUSTE ENTRADA,20,20,5/2/2026,JAZ,TALLER CAJAS,JESUS SOTO ,,
20,,maria rojas,apymsa,AJUSTE ENTRADA,45,45,5/2/2026,JAZ,TALLER CAJAS,JESUS SOTO ,,
21,,luz p placa blanca,apymsa,AJUSTE ENTRADA,69,69,5/2/2026,JAZ,TALLER CAJAS,JESUS SOTO ,,
22,,maria ambar ,apymsa,AJUSTE ENTRADA,49,49,5/2/2026,JAZ,TALLER CAJAS,JESUS SOTO ,,
23,,manita azul p caja,promare o trasejusa,AJUSTE ENTRADA,1,1,5/2/2026,JAZ,TALLER CAJAS,JESUS SOTO ,,
24,,manita roja p caja ,promare o trasejusa,AJUSTE ENTRADA,1,1,5/2/2026,JAZ,TALLER CAJAS,JESUS SOTO ,,
25,,manita azul p manguera,promare ,AJUSTE ENTRADA,2,2,5/2/2026,JAZ,TALLER CAJAS,JESUS SOTO ,,
26,,manita roja p manguera ,promare,AJUSTE ENTRADA,1,1,5/2/2026,JAZ,TALLER CAJAS,JESUS SOTO ,,
27,,llave de paso 1/2,cemaco,AJUSTE ENTRADA,1,1,5/2/2026,,SELECCIONAR,JESUS SOTO ,,
28,,contra bisagras,promare   ,AJUSTE ENTRADA,9,9,5/2/2026,JAZ,TALLER CAJAS,JESUS SOTO ,,
29,,"reveseros 3"" cuadrado",diesel parts,AJUSTE ENTRADA,2,2,5/2/2026,FRAGA ,TALLER TRACTOS,JESUS SOTO ,,
30,,valvula selectora 9 velocidades,diesel parts,AJUSTE ENTRADA,1,1,5/2/2026,FRAGA ,TALLER TRACTOS,JESUS SOTO ,,
31,46305,reten 46305pro,diesel parts,AJUSTE ENTRADA,1,1,5/2/2026,,SELECCIONAR,JESUS SOTO ,,
32,,filtro lubricacion motor,CAMIONERA,AJUSTE ENTRADA,1,1,5/2/2026,FRAGA ,TALLER TRACTOS,JESUS SOTO ,,
33,3499016,valvula de escape rapida,,AJUSTE ENTRADA,1,1,5/2/2026,,SELECCIONAR,JESUS SOTO ,,
34,905151,kit de filtros diesel ,CAMIONERA,AJUSTE ENTRADA,2,2,5/2/2026,FRAGA ,TALLER TRACTOS,JESUS SOTO ,,
35,,bisagras wabash,promare   ,AJUSTE ENTRADA,14,14,5/2/2026,JAZ,TALLER CAJAS,JESUS SOTO ,,
36,,cinta para aislar ,diesel parts,AJUSTE ENTRADA,24,24,5/2/2026,AMBOS TALLERES,SELECCIONAR,JESUS SOTO ,,
37,,disco de corte 4,agmaq,AJUSTE ENTRADA,15,15,5/2/2026,JAZ,TALLER CAJAS,JESUS SOTO ,,
38,,arrancadores ,diesel parts,AJUSTE ENTRADA,4,4,5/2/2026,FRAGA ,TALLER TRACTOS,JESUS SOTO ,,
39,,valvula bendix freno,,AJUSTE ENTRADA,1,1,5/2/2026,FRAGA ,TALLER TRACTOS,JESUS SOTO ,,
40,,focos h11,diesel parts o apymsa,AJUSTE ENTRADA,4,4,5/2/2026,FRAGA ,TALLER TRACTOS,JESUS SOTO ,,
41,,foco 9005,,AJUSTE ENTRADA,1,1,5/2/2026,FRAGA ,TALLER TRACTOS,JESUS SOTO ,,
42,,foco 3157 blanco ,diesel parts o apymsa,AJUSTE ENTRADA,8,8,5/2/2026,FRAGA ,TALLER TRACTOS,JESUS SOTO ,,
43,,foco 3157 ambar ,diesel parts o apymsa,AJUSTE ENTRADA,10,10,5/2/2026,FRAGA ,TALLER TRACTOS,JESUS SOTO ,,
44,,hembra chica ,,AJUSTE ENTRADA,2,2,5/2/2026,FRAGA ,TALLER TRACTOS,JESUS SOTO ,,
45,35058,reten 35058 pro ,,AJUSTE ENTRADA,1,1,5/2/2026,,SELECCIONAR,JESUS SOTO ,,
46,,puntas 3/8 firing,,AJUSTE ENTRADA,11,11,5/2/2026,KEVIN,TALLER CAJAS,JESUS SOTO ,,
47,,brocas 9/32 x12,agmaq,AJUSTE ENTRADA,8,8,5/2/2026,JAZ,TALLER CAJAS,JESUS SOTO ,,
48,,brocas 5/16x12,agmaq,AJUSTE ENTRADA,6,6,5/2/2026,JAZ,TALLER CAJAS,JESUS SOTO ,,
49,,brocas 5/16x4,agmaq,AJUSTE ENTRADA,14,14,5/2/2026,JAZ,TALLER CAJAS,JESUS SOTO ,,
50,,brocas 1/4x4,agmaq,AJUSTE ENTRADA,15,15,5/2/2026,JAZ,TALLER CAJAS,JESUS SOTO ,,
51,,brocas 3/8x4,agmaq,AJUSTE ENTRADA,10,10,5/2/2026,JAZ,TALLER CAJAS,JESUS SOTO ,,
52,,conexion rapida codo 1/4 x1/4,cemaco,AJUSTE ENTRADA,10,10,5/2/2026,JAZ,TALLER CAJAS,JESUS SOTO ,,
53,,conexion rapida codo 3/8x3/8,cemaco,AJUSTE ENTRADA,10,10,5/2/2026,JAZ,TALLER CAJAS,JESUS SOTO ,,
54,,cemento p desponche chico,muñoz car ,AJUSTE ENTRADA,1,1,5/2/2026,KEVIN,TALLER CAJAS,JESUS SOTO ,,
55,,cemento p desopncho grande ,muñoz car ,AJUSTE ENTRADA,1,1,5/2/2026,KEVIN,TALLER CAJAS,JESUS SOTO ,,
56,,gomitas p manita de servicio,diesel parts,AJUSTE ENTRADA,82,82,5/2/2026,JAZ,TALLER CAJAS,JESUS SOTO ,,
57,,hembra chica p/cajas,promare o trasejusa,AJUSTE ENTRADA,2,2,5/2/2026,JAZ,TALLER CAJAS,JESUS SOTO ,,
58,2972800,plafon redondo rojo 4,apymsa,SALIDA,2,18,5/2/2026,JAZ,TALLER CAJAS,montzay ,,
59,,disco de corte 4,agmaq,SALIDA,3,12,5/2/2026,JAZ,TALLER CAJAS,montzay ,,
60,,gomitas p manita de servicio,diesel parts,SALIDA,20,62,5/2/2026,JAZ,TALLER CAJAS,montzay ,,
61,,arrancadores ,diesel parts o apymsa,SALIDA,2,2,5/2/2026,JOSE REDONDO,TALLER TRACTOS,montzay ,,
62,,conexion recta rapida 1/4x1/4,cemaco,AJUSTE ENTRADA,9,9,5/2/2026,FRAGA ,TALLER TRACTOS,JESUS SOTO ,,
63,,conexion rapida t 1/4x1/4,cemaco,AJUSTE ENTRADA,6,6,5/2/2026,FRAGA ,TALLER TRACTOS,JESUS SOTO ,,
64,,conexion rapida t 1/2x1/2,cemaco,AJUSTE ENTRADA,14,14,5/2/2026,FRAGA ,TALLER TRACTOS,JESUS SOTO ,,
65,,conexion rapida t 3/8x3/8,cemaco,AJUSTE ENTRADA,12,12,5/2/2026,FRAGA ,TALLER TRACTOS,JESUS SOTO ,,
66,,conexion rapida recta 1/2x1/2,cemaco,AJUSTE ENTRADA,5,5,5/2/2026,FRAGA ,TALLER TRACTOS,JESUS SOTO ,,
67,,conexion codo 3/8-3/8,cemaco,AJUSTE ENTRADA,7,7,5/2/2026,FRAGA ,TALLER TRACTOS,JESUS SOTO ,,
68,,conexion codo 3/8x1/2,cemaco,AJUSTE ENTRADA,6,6,5/2/2026,FRAGA ,TALLER TRACTOS,JESUS SOTO ,,
69,,conexion rapida codo 3/8x3/8,cemaco,AJUSTE ENTRADA,6,6,5/2/2026,FRAGA ,TALLER TRACTOS,JESUS SOTO ,,
70,,conexion rapida en y 3/8x1/4x1/2,cemaco,AJUSTE ENTRADA,2,2,5/2/2026,FRAGA ,TALLER TRACTOS,JESUS SOTO ,,
71,,arrancadores ,diesel parts,SALIDA,1,1,5/2/2026,BUJANDA,TALLER CAJAS,montzay ,,
72,2972800,plafon redondo rojo 4,apymsa,SALIDA,1,17,6/2/2026,BUJANDA,TALLER CAJAS,montzay ,,
77,,LUZ P PLACA BLANCA,apymsa,SALIDA,1,68,6/2/2026,BUJANDA,TALLER CAJAS,montzay ,,
78,,LUZ P PLACA BLANCA,apymsa,SALIDA,1,67,6/2/2026,JOSE CASTRO,TALLER CAJAS,montzay ,,
79,2972800,plafon redondo rojo 4,apymsa,SALIDA,1,16,6/2/2026,JOSE CASTRO,TALLER CAJAS,montzay ,,
73,,arrancadores ,diesel parts o apymsa,SALIDA,1,0,7/2/2026,CARLOS,TALLER TRACTOS,montzay ,,
75,,TORNILLOS 5/8X2 ROSCA SEGUIDA CON TUERCA,tusa,SALIDA,40,20,7/2/2026,ARMANDO,TALLER CAJAS,montzay ,,
76,,BROCA 3/8,agmaq,SALIDA,1,9,7/2/2026,ARMANDO,TALLER CAJAS,montzay ,,
80,,1 par de patines ,primagu,ENTRADA,1,1,9/2/2026,JAZ,TALLER CAJAS,JESUS SOTO ,,
81,, 1 par de patines,primagu,SALIDA,1,0,10/2/2026,manuel,TALLER CAJAS,ALAN,,
82,,parches xrp-10,muñoz car ,SALIDA,10,9,10/2/2026,marcos,TALLER CAJAS,ALAN,,
83,,maria ambar , apymsa,SALIDA,10,39,10/2/2026,marcos,TALLER CAJAS,ALAN,,
84,,maria roja,apymsa,SALIDA,6,39,10/2/2026,marcos,TALLER CAJAS,ALAN,,
85,,direccionales ambar,apymsa,SALIDA,3,,10/2/2026,marcos,TALLER CAJAS,ALAN,,
86,2972800,plafon redondo rojo 4,apymsa,SALIDA,4,12,10/2/2026,marcos,TALLER CAJAS,ALAN ,,
87,,bisagras wabash,promare o trasejusa,SALIDA,4,10,10/2/2026,marcos,TALLER CAJAS,ALAN ,,
88,,limpia contactos ,diesel parts o apymsa,SALIDA,1,,10/2/2026,marcos,TALLER CAJAS,ALAN ,,
89,,conexion rapida codo 3/8x3/8,cemaco,SALIDA,2,,10/2/2026,marcos,TALLER CAJAS,ALAN ,,
90,,conexion rapida codo3/8x1/4,cemaco,SALIDA,3,,10/2/2026,marcos,TALLER CAJAS,ALAN ,,
91,,conexion rapida en y 3/8x1/4x1/2,cemaco,SALIDA,1,,10/2/2026,marcos,TALLER CAJAS,ALAN ,,
92,,conexion rapida t 1/4x1/4,cemaco,SALIDA,3,,10/2/2026,marcos,TALLER CAJAS,ALAN ,,
93,,broca 5/16,agmaq,SALIDA,2,,10/2/2026,marcos,TALLER CAJAS,ALAN ,,
94,,BROCA 3/8,agmaq,SALIDA,2,,10/2/2026,marcos,TALLER CAJAS,ALAN ,,
95,,manita para manguera de servicio,promare o trasejusa,SALIDA,2,,10/2/2026,marcos,TALLER CAJAS,ALAN ,,
96,,pata de elefante chaparra,trasejusa,SALIDA,1,,10/2/2026,marcos,TALLER CAJAS,ALAN ,,
97,,soqueteras,trasejusa,ENTRADA,15,15,10/2/2026,JAZ,TALLER CAJAS ,JESUS SOTO ,,
98,,soqueteras,trasejusa,SALIDA,4,11,10/2/2026,mauro,TALLER CAJAS,ALAN ,,
99,,soqueteras,trasejusa,SALIDA,2,9,10/2/2026,marcos,TALLER CAJAS,ALAN ,,
100,,soqueteras,trasejusa,SALIDA,3,6,10/2/2026,adrian,TALLER CAJAS,ALAN ,,
101,,parches xrp-10,muñoz car ,SALIDA,6,,10/2/2026,adrian,TALLER CAJAS,ALAN ,,
102,,parches xrp 12,muñoz car ,SALIDA,3,,10/2/2026,adrian,TALLER CAJAS,ALAN ,,
103,,parches xrp-10,muñoz car ,SALIDA,5,,10/2/2026,carlos,TALLER TRACTOS,montzay ,,
104,,soldadura 7018,rolesa,SALIDA,"2,42",,10/2/2026,manuel,TALLER CAJAS,montzay ,,
105,,aceite de motor,cadisa,ENTRADA,2,2,10/2/2026,FRAGA ,TALLER TRACTOS,JESUS SOTO ,,
106,,aceite de motor,cadisa,SALIDA,2,2,10/2/2026,FRAGA ,TALLER TRACTOS,ALAN ,,
107,,kit de abrazadera,tarango,ENTRADA,1,1,10/2/2026,FRAGA ,TALLER TRACTOS,JESUS SOTO ,,
108,,kit de abrazadera,tarango,SALIDA,1,0,10/2/2026,FRAGA ,TALLER TRACTOS,ALAN ,,
109,2972800,plafon redondo rojo 4,apymsa,SALIDA,1,11,10/2/2026,BUJANDA,TALLER CAJAS,montzay ,,
110,,conexion recta rapida 1/4x1/4,cemaco,SALIDA,2,,10/2/2026,EDUARDO,TALLER CAJAS,ALAN ,,
111,,cinta aislante,diesel parts,SALIDA,1,,10/2/2026,EDUARDO,TALLER CAJAS,ALAN ,,
112,,gomitas p manita de servicio,diesel parts,SALIDA,10,52,10/2/2026,JAZ,TALLER CAJAS,montzay ,,
113,,kit de pernos,cummins,ENTRADA,1,1,10/2/2026,FRAGA ,TALLER TRACTOS,JESUS SOTO ,,
114,,2 baleros chicos ,cummins,ENTRADA,2,2,10/2/2026,FRAGA ,TALLER TRACTOS,JESUS SOTO ,,
115,,2 baleros grandes delanteros,cummins,ENTRADA,2,2,10/2/2026,FRAGA ,TALLER TRACTOS,JESUS SOTO ,,
116,,2 retenes voyager,cummins,ENTRADA,2,2,10/2/2026,FRAGA ,TALLER TRACTOS,JESUS SOTO ,,
117,,kit de pernos,cummins,SALIDA,1,0,10/2/2026,FISHER ,TALLER TRACTOS,ALAN ,,
118,,2 baleros chicos ,cummins,SALIDA,2,0,10/2/2026,FISHER ,TALLER TRACTOS,ALAN ,,
119,,2 baleros grandes delanteros,cummins,SALIDA,2,0,10/2/2026,FISHER ,TALLER TRACTOS,ALAN ,,
120,,2 retenes voyager,cummins,SALIDA,2,0,10/2/2026,FISHER ,TALLER TRACTOS,ALAN ,,
121,,arrancadores ,diesel parts o apymsa,ENTRADA,6,6,10/2/2026,FRAGA ,TALLER TRACTOS,JESUS SOTO ,,
122,,alternador,apymsa,ENTRADA,1,1,11/2/2026,FRAGA ,TALLER TRACTOS,JESUS SOTO ,,
123,,tornillo hexagonal g8 1/2x4 1/2,tarango ,ENTRADA,4,4,11/2/2026,FRAGA ,TALLER TRACTOS,JESUS SOTO ,,
124,,tuerca de seguridad gripco 1/2 rs,tarango ,ENTRADA,4,4,11/2/2026,FRAGA ,TALLER TRACTOS,JESUS SOTO ,,
125,,rondana plana 1/2f,tarango ,ENTRADA,8,8,11/2/2026,FRAGA ,TALLER TRACTOS,JESUS SOTO ,,
126,,buje bronce 1 1/4 x 1 1/2 x 4,tarango ,ENTRADA,1,1,11/2/2026,FRAGA ,TALLER TRACTOS,JESUS SOTO ,,
127,,buje bronce  ,tarango ,ENTRADA,2,2,11/2/2026,FRAGA ,TALLER TRACTOS,JESUS SOTO ,,
128,,remplazo de bujes a percha,tarango ,ENTRADA,1,1,11/2/2026,FRAGA ,TALLER TRACTOS,JESUS SOTO ,,
129,,remplazo de bujes a muelles,tarango ,ENTRADA,2,2,11/2/2026,FRAGA ,TALLER TRACTOS,JESUS SOTO ,,
130,,albardon aluminio freightliner,tarango ,ENTRADA,2,2,11/2/2026,FRAGA ,TALLER TRACTOS,JESUS SOTO ,,
122,,perno freightliner 1 1/4x7,tarango ,ENTRADA,2,2,11/2/2026,FRAGA ,TALLER TRACTOS,JESUS SOTO ,,
123,,manguera cover 1/2 -10,semco,ENTRADA,0.96 met,0.96 met,11/2/2026,FRAGA ,TALLER TRACTOS,JESUS SOTO ,,
124,,conexion reu p manguera jic 5/8-5/8 sae,semco,ENTRADA,2,2,11/2/2026,FRAGA ,TALLER TRACTOS,JESUS SOTO ,,
125,,bolsa suspension gabriel 1r12-668,trasejusa,ENTRADA,1,1,11/2/2026,jaz,TALLER CAJAS,JESUS SOTO ,,
126,,juego de zapata y balata,promare   ,ENTRADA,1,1,11/2/2026,jaz,TALLER CAJAS,JESUS SOTO ,,
127,,balata 4703 duroline,tarango ,ENTRADA,4,4,11/2/2026,FRAGA ,TALLER TRACTOS,JESUS SOTO ,,
128,,kit de herrajes 4702,tarango ,ENTRADA,2,2,11/2/2026,FRAGA ,TALLER TRACTOS,JESUS SOTO ,,
129,,cruceta spl-170x,tracto partes ortiz,ENTRADA,1,1,11/2/2026,FRAGA ,TALLER TRACTOS,JESUS SOTO ,,
130,,kit de abrazadera,tracto partes ortiz,ENTRADA,1,1,11/2/2026,FRAGA ,TALLER TRACTOS,JESUS SOTO ,,
131,,tensor de suspencion volvo,VOLVO,ENTRADA,1,1,11/2/2026,FRAGA ,TALLER TRACTOS,JESUS SOTO ,,
132,,manguera de 5 mts 3/8,semco,ENTRADA,5mts,5mts,12/2/2026,FRAGA ,TALLER TRACTOS,JESUS SOTO ,,
133,,garbanzos ,semco,ENTRADA,,,12/2/2026,FRAGA ,TALLER TRACTOS,JESUS SOTO ,,
134,,disco de corte 4,agmaq,SALIDA,2,10,12/2/2026,jose,TALLER CAJAS,montzay ,,
135,,"wiper 22""",diesel parts,SALIDA,1,0,13/2/2026,javier zuñiga,TALLER TRACTOS,montzay ,,
136,,mandado oficinas,sams,ENTRADA,1,1,13/2/2026,ilsse,RH,marisol soto ,,
137,,alternador,apymsa,SALIDA,1,0,11/2/2026,FRAGA ,TALLER TRACTOS,ALAN ,,
138,,tornillo hexagonal g8 1/2x4 1/2,tarango ,SALIDA,4,0,11/2/2026,,TALLER TRACTOS,ALAN ,,
139,,tuerca de seguridad gripco 1/2 rs,tarango ,SALIDA,4,0,11/2/2026,,TALLER TRACTOS,ALAN ,,
140,,rondana plana 1/2f,tarango ,SALIDA,8,0,11/2/2026,,TALLER TRACTOS,ALAN ,,
141,,buje bronce 1 1/4 x 1 1/2 x 4,tarango ,SALIDA,1,0,11/2/2026,,TALLER TRACTOS,ALAN ,,
142,,buje bronce  ,tarango ,SALIDA,2,0,11/2/2026,,TALLER TRACTOS,ALAN ,,
143,,remplazo de bujes a percha,tarango ,SALIDA,1,0,11/2/2026,FRAGA ,TALLER TRACTOS,ALAN ,,
144,,remplazo de bujes a muelles,tarango ,SALIDA,2,0,11/2/2026,FRAGA ,TALLER TRACTOS,ALAN ,,
145,,albardon aluminio freightliner,tarango ,SALIDA,2,0,11/2/2026,,TALLER TRACTOS,ALAN ,,
146,,perno freightliner 1 1/4x7,tarango ,SALIDA,2,0,11/2/2026,,TALLER TRACTOS,ALAN ,,
147,,manguera cover 1/2 -10,semco,SALIDA,0.96 met,0,11/2/2026,,TALLER TRACTOS,ALAN ,,
148,,conexion reu p manguera jic 5/8-5/8 sae,semco,SALIDA,2,0,11/2/2026,,TALLER TRACTOS,ALAN ,,
149,,bolsa suspension gabriel 1r12-668,trasejusa,SALIDA,1,0,11/2/2026,,TALLER CAJAS,ALAN ,,
150,,juego de zapata y balata,promare   ,SALIDA,1,0,11/2/2026,,TALLER CAJAS,ALAN ,,
151,,balata 4703 duroline,tarango ,SALIDA,4,0,11/2/2026,,TALLER TRACTOS,ALAN ,,
152,,kit de herrajes 4702,tarango ,SALIDA,2,0,11/2/2026,,TALLER TRACTOS,ALAN ,,
153,,cruceta spl-170x,tracto partes ortiz,SALIDA,1,0,11/2/2026,,TALLER TRACTOS,ALAN ,,
154,,kit de abrazadera,tracto partes ortiz,SALIDA,1,0,11/2/2026,,TALLER TRACTOS,ALAN ,,
155,,tensor de suspencion volvo,VOLVO,SALIDA,1,0,11/2/2026,,TALLER TRACTOS,ALAN ,,
156,,manguera de 5 mts 3/8,semco,SALIDA,5mts,0,11/2/2026,FRAGA ,TALLER TRACTOS,ALAN ,,
157,,garbanzos ,semco,SALIDA,20,0,11/2/2026,FRAGA ,TALLER TRACTOS,ALAN ,,
158,,silicon negro,,SALIDA,1,,11/2/2026,,TALLER CAJAS,ALAN ,,
159,,amortiguadores de cabina,,SALIDA,2,,11/2/2026,HECTOR,TALLER TRACTOS,ALAN ,,
160,,bisagra wabash,,SALIDA,1,,11/2/2026,manuel,TALLER CAJAS,ALAN ,,
161,,tornillos 5/8x4,,SALIDA,2,,11/2/2026,manuel,TALLER CAJAS,ALAN ,,
162,,broca 3/8,,SALIDA,1,,11/2/2026,manuel,TALLER CAJAS,ALAN ,,
163,,manguera fabricada,,SALIDA,1,,11/2/2026,FRAGA ,TALLER TRACTOS,ALAN ,,
164,,flecha reparada,,SALIDA,1,,11/2/2026,FRAGA ,TALLER TRACTOS,ALAN ,,
165,,juego de balatas 4709,,SALIDA,1,,11/2/2026,JOSE,TALLER CAJAS,ALAN ,,
166,,filtros ,camionera,ENTRADA,1,,14/2/2026,FRAGA ,TALLER TRACTOS,JESUS SOTO ,,
167,,filtros ,camionera,SALIDA,1,,14/2/2026,HECTOR,TALLER TRACTOS,ALAN ,,
168,,amortiguador ,trasejusa,ENTRADA,1,,14/2/2026,FRAGA ,TALLER TRACTOS,JESUS SOTO ,,
169,,amortiguador ,trasejusa,SALIDA,1,,14/2/2026,HECTOR,TALLER TRACTOS,ALAN ,,
170,,manguera reconstruida,cemaco,ENTRADA,1,,14/2/2026,HECTOR,TALLER TRACTOS,JESUS SOTO ,,
171,,manguera reconstruida,cemaco,SALIDA,1,,14/2/2026,HECTOR,TALLER TRACTOS,ALAN ,,
172,,PLAFON ROJO 4,APYMSA,SALIDA,1,,16/2/2026,FRANCISCO,TALLER CAJAS,ALAN ,,
173,,VARILLAS DE SOLDADURA 6013,,SALIDA,15,,16/2/2026,MARCOS TS12,TALLER CAJAS,ALAN ,,
174,,TAPE NEGRO ,,SALIDA,1,,16/2/2026,MARCOS TS12,TALLER CAJAS,ALAN ,,
175,,TORNILLOS P/BISAGRA,,SALIDA,5,,16/2/2026,MARCOS TS12,TALLER CAJAS,ALAN ,,
176,,PATA DE ELEFANTE BASE ALTA ,,SALIDA,1,,16/2/2026,MARCOS TS12,TALLER CAJAS,ALAN ,,
177,,CADENEROS ,,SALIDA,3,,16/2/2026,MARCOS TS12,TALLER CAJAS,ALAN ,,
178,,TORNILLOS PUNTA DE BROCA,,SALIDA,30,,16/2/2026,MARCOS TS12,TALLER CAJAS,ALAN ,,
179,,disco de corte 4,,SALIDA,1,9,16/2/2026,MARCOS TS12,TALLER CAJAS,ALAN ,,
180,,LUCES PARA PLACA,,SALIDA,4,,16/2/2026,ADRIAN TS03,TALLER CAJAS,ALAN ,,
181,,PEGAMENTO PARA PARCHES,,SALIDA,1,,16/2/2026,ADRIAN TS03,TALLER CAJAS,ALAN ,,
182,,VARILLA DE SOLDADURA 6013,,SALIDA,10,,16/2/2026,ADRIAN TS03,TALLER CAJAS,ALAN ,,
183,,CHIRRION,,SALIDA,1,,16/2/2026,WH35,TALLER TRACTOS,montzay ,,
184,,valvula ,,ENTRADA,1,1,16/2/2026,FRAGA ,TALLER TRACTOS,,,
185,,valvula ,,SALIDA,1,0,16/2/2026,HECTOR,TALLER TRACTOS,ALAN ,,
186,,foco 9007,,SALIDA,1,,16/2/2026,MARCOS TS12,TALLER TRACTOS,FRAGA,,
187,,rotachamber doble ,diesel parts,SALIDA,1,,16/2/2026,WH12,TALLER TRACTOS,FRAGA,,
188,,tapon deposito de agua ,,SALIDA,1,,16/2/2026,wh53,TALLER TRACTOS,FRAGA,,
189,,broca 3/8,,SALIDA,1,,16/2/2026,meny,TALLER CAJAS,montzay ,,
190,,direccionales ambar ,,SALIDA,2,,16/2/2026,mauro,TALLER CAJAS,montzay ,,
191,,tornillo 5816x6 ,,SALIDA,10,,16/2/2026,meny,TALLER CAJAS,montzay ,,
192,,lubriplate,,SALIDA,1,,16/2/2026,eduardo ,TALLER CAJAS,montzay ,,
193,,asbesto,,SALIDA,1,,16/2/2026,eduardo ,TALLER CAJAS,montzay ,,
194,,mega grey,,SALIDA,1,,16/2/2026,eduardo ,TALLER CAJAS,montzay ,,
195,,valvula para purgar tanques,diesel parts,ENTRADA,3,3,16/2/2026,FRAGA ,TALLER TRACTOS,JESUS SOTO ,,
196,,valvula para purgar tanques,diesel parts,SALIDA,3,0,16/2/2026,hector ,TALLER TRACTOS,ALAN ,,
197,,valvula atr,,ENTRADA,1,1,16/2/2026,fisher ,TALLER TRACTOS,,,
198,,valvula atr,,SALIDA,1,0,16/2/2026,hector ,TALLER TRACTOS,ALAN ,,
199,,soldadura 7018,rolesa,SALIDA,"1,22",,16/2/2026,bujanda,TALLER CAJAS,montzay ,,
200,,soldadura 6013,rolesa,SALIDA,"0,99",,16/2/2026,bujanda,TALLER CAJAS,montzay ,,
201,,valvula qr1 sencilla,,ENTRADA,1,1,16/2/2026,FRAGA ,TALLER TRACTOS,JESUS SOTO ,,
202,,valvula qr1 sencilla,,SALIDA,1,0,16/2/2026,hector ,TALLER TRACTOS,alan ,,
203,,soquetera,,SALIDA,1,,16/2/2026,jose,TALLER CAJAS,montzay ,,
204,,prensa balero freno,,ENTRADA,1,1,16/2/2026,fisher ,TALLER TRACTOS,,,
205,,prensa balero freno,,SALIDA,1,0,16/2/2026,hector ,TALLER TRACTOS,ALAN ,,
206,,rotachamber doble ,,ENTRADA,1,1,16/2/2026,FRAGA ,TALLER TRACTOS,JESUS SOTO ,,
207,,pulmon,,ENTRADA,1,1,16/2/2026,FRAGA ,SELECCIONAR,JESUS SOTO ,,
208,,pulmon,,SALIDA,1,0,16/2/2026,,SELECCIONAR,ALAN ,,
209,,pintura spray blanco ,,ENTRADA,5,5,17/2/2026,jaz,TALLER CAJAS,JESUS SOTO ,,
210,,pintura spray negro ,,ENTRADA,5,5,17/2/2026,jaz,TALLER CAJAS,JESUS SOTO ,,
211,,pintura aluminio,,ENTRADA,5,5,17/2/2026,jaz,TALLER CAJAS,JESUS SOTO ,,
212,,remaches 3/16,,ENTRADA,25,25,17/2/2026,jaz,TALLER CAJAS,JESUS SOTO ,,
213,,remaches 3/16,,SALIDA,1,24,17/2/2026,bujanda,TALLER CAJAS,montzay ,,
214,,camara hcucm34,,AJUSTE ENTRADA,36,36,17/2/2026,,,,,
215,,camara vgss na,,AJUSTE ENTRADA,12,12,17/2/2026,,,,,
216,,gps cbl vgj1939,,AJUSTE ENTRADA,48,48,17/2/2026,,,,,
217,,gps cbl vg cobdiiyi,,AJUSTE ENTRADA,3,3,17/2/2026,,,,,
218,,direccionales ambar ,,AJUSTE ENTRADA,9,9,17/2/2026,jaz,TALLER CAJAS,JESUS SOTO ,,
219,,direccionales ambar ,,AJUSTE SALIDA,5,4,17/2/2026,,,,,
220,,conexion 3/4 a 3/4 bronce ,,SALIDA,1,,17/2/2026,HECTOR,TALLER TRACTOS,ALAN ,,
221,,bolsa de aire para r337,,ENTRADA,1,1,17/2/2026,jaz,TALLER CAJAS,JESUS SOTO ,,
222,,bolsa de aire para r337,,SALIDA,1,0,17/2/2026,manuel ,TALLER CAJAS,ALAN ,,
223,,tornillo con wacha y tuerca 1/4,,SALIDA,14,,17/2/2026,jose,TALLER CAJAS,montzay ,,
224,,BROCA 5/16X12,,SALIDA,1,,17/2/2026,JOSE,TALLER CAJAS,montzay ,,
225,,BASE DE HEMBRA ,,SALIDA,1,,17/2/2026,ALEJANDRO,TALLER CAJAS,montzay ,,
226,,BISAGRA WABASH,,SALIDA,1,,17/2/2026,ALEJANDRO,TALLER CAJAS,montzay ,,
227,,LIMPIA CONTACTOS,,SALIDA,1,,17/2/2026,eduardo ,TALLER CAJAS,montzay ,,
228,,mega grey,,SALIDA,4,,17/2/2026,FRAGA ,TALLER TRACTOS,montzay ,,
229,,ACEITE DE MOTOR,,ENTRADA,3,3,17/2/2026,FRAGA ,TALLER TRACTOS,JESUS SOTO ,,
230,,ACEITE DE MOTOR,,SALIDA,3,0,17/2/2026,hector ,TALLER TRACTOS,montzay ,,
231,,KIT FILTROS ,,ENTRADA,1,1,17/2/2026,FRAGA ,TALLER TRACTOS,JESUS SOTO ,,
232,,KIT FILTROS ,,SALIDA,1,0,17/2/2026,hector ,TALLER TRACTOS,ALAN ,,
233,,BOLSA DE AIRE PARA 1029,,ENTRADA,1,1,17/2/2026,JAZ,TALLER CAJAS,JESUS SOTO ,,
234,,BOLSA DE AIRE PARA 1029,,SALIDA,1,0,17/2/2026,MANUEL ,TALLER CAJAS,ALAN ,,
235,,BUJES 1029,,ENTRADA,1,1,17/2/2026,JAZ,TALLER CAJAS,JESUS SOTO ,,
236,,BUJES 1029,,SALIDA,1,0,17/2/2026,manuel ,TALLER CAJAS,ALAN ,,
237,,PERILLA 13 VELOCIDADES ,,ENTRADA,1,1,17/2/2026,FRAGA ,TALLER TRACTOS,JESUS SOTO ,,
238,,PERILLA 13 VELOCIDADES ,,SALIDA,1,0,17/2/2026,HECTOR ,TALLER TRACTOS,ALAN ,,
239,,2 TUERCAS DE 1/2,,SALIDA,2,,17/2/2026,manuel ,TALLER CAJAS,montzay ,,
240,,1 RONDANA ,,SALIDA,1,,17/2/2026,manuel ,TALLER CAJAS,montzay ,,
241,,conexion rapida t 3/8 ,,SALIDA,1,,17/2/2026,armando,TALLER CAJAS,montzay ,,
242,,1 bolsa de remaches 3/16,,SALIDA,1,,17/2/2026,bujanda,TALLER CAJAS,montzay ,,
243,,kit bujes 1029,,ENTRADA,1,1,17/2/2026,jaz,TALLER CAJAS,JESUS SOTO ,,
244,,kit bujes 1029,,SALIDA,1,0,17/2/2026,manuel ,TALLER CAJAS,ALAN ,,
245,,valvula de freno wh33,,ENTRADA,1,1,17/2/2026,FRAGA ,TALLER TRACTOS,JESUS SOTO ,,
246,,valvula de freno wh33,,SALIDA,1,0,17/2/2026,hector ,TALLER TRACTOS,ALAN ,,
247,,4 tornillos mm de 2 para wh115,,ENTRADA,4,4,17/2/2026,FRAGA ,TALLER TRACTOS,JESUS SOTO ,,
248,,4 tornillos mm de 2 para wh115,,SALIDA,4,0,17/2/2026,hector ,TALLER TRACTOS,ALAN ,,
249,,extintores,,ENTRADA,4,4,17/2/2026,FRAGA ,TALLER TRACTOS,JESUS SOTO ,,
250,,extintores,,SALIDA,4,0,18/2/2026,WH174,TALLER TRACTOS,FRAGA,,
251,,hembra ,,SALIDA,1,,18/2/2026,armando,TALLER CAJAS,ALAN ,,
252,,cinta aislante ,,SALIDA,1,,18/2/2026,eduardo ,TALLER CAJAS,montzay ,,
253,,cinta aislante ,,SALIDA,1,,18/2/2026,bujanda,TALLER CAJAS,montzay ,,
254,,litros de thiner,,ENTRADA,20,20,18/2/2026,jaz,TALLER CAJAS,JESUS SOTO ,,
255,,litros de thiner,,SALIDA,20,0,18/2/2026,francisco,TALLER CAJAS,ALAN ,,
256,,2 tornillos 3/4x4 para soporte motor ,,ENTRADA,2,2,18/2/2026,FRAGA ,TALLER TRACTOS,JESUS SOTO ,,
257,,2 tornillos 3/4x4 para soporte motor ,,SALIDA,2,0,18/2/2026,hector ,TALLER TRACTOS,ALAN ,,
258,,2 amortiguadodres de cabina wh21,,ENTRADA,2,2,18/2/2026,FRAGA ,TALLER TRACTOS,JESUS SOTO ,,
259,,2 amortiguadodres de cabina wh21,,SALIDA,2,0,18/2/2026,ulises,TALLER TRACTOS,montzay ,,
260,,2 mangueras fabricadas,,SALIDA,2,,18/2/2026,richi,TALLER TRACTOS,ALAN ,,
261,,2 abrazaderas de 1/2,,SALIDA,2,,18/2/2026,richi,TALLER TRACTOS,ALAN ,,
262,,2 valvulas para wh10,,SALIDA,2,,18/2/2026,richi,TALLER TRACTOS,ALAN ,,
263,,2  bolsas de aire para wh10,,ENTRADA,2,2,18/2/2026,FRAGA ,TALLER TRACTOS,JESUS SOTO ,,
264,,2 bolsas de aire para wh10,,SALIDA,2,0,18/2/2026,richi,TALLER TRACTOS,ALAN ,,
265,,1 punta firing,,SALIDA,1,,19/2/2026,adrian,TALLER CAJAS,ALAN ,,
266,,4 tornillos para bisagra,,SALIDA,4,,19/2/2026,adrian,TALLER CAJAS,ALAN ,,
267,,60 tornillos punta de broca 2,,SALIDA,60,,19/2/2026,adrian,TALLER CAJAS,ALAN ,,
268,,soldadura 6013,,SALIDA,"0,74",,19/2/2026,MARCOS TS12,TALLER CAJAS,ALAN ,,
269,,100 remaches 5mm por 3/16,,SALIDA,100,,19/2/2026,jose ,TALLER CAJAS,ALAN ,,
270,,1 silicon negro,,SALIDA,1,,19/2/2026,jose ,TALLER CAJAS,ALAN ,,
271,,1 disco de corte 7,,SALIDA,1,,19/2/2026,ALEJANDRO,TALLER CAJAS,montzay ,,
272,,2 tapas para masa wh17,,SALIDA,2,0,19/2/2026,hector ,TALLER TRACTOS,ALAN ,,
273,,maria roja ,,SALIDA,2,,19/2/2026,jose ,TALLER CAJAS,montzay ,,
274,,direccionales ambar,,SALIDA,2,,19/2/2026,jose ,TALLER CAJAS,montzay ,,
275,,bitacoras locales a oscar,,SALIDA,2,,19/2/2026,oscar,TRFCO LOCAL,montzay ,,
276,,3 CANDADOS ,,ENTRADA,3,3,19/2/2026,ALEJANDRO MORA,TRFCO CRUCE,JESUS SOTO ,,
277,,3 CANDADOS ,,SALIDA,3,0,19/2/2026,ALEJANDRO MORA,TRFCO CRUCE,montzay ,,
278,,broca 1/4,,SALIDA,3,,19/2/2026,armando,TALLER CAJAS,montzay ,,
279,,soqueteras,,SALIDA,1,,19/2/2026,jose ,TALLER CAJAS,montzay ,,
280,,tornillo 5/16 con tuerca ,,SALIDA,4,,19/2/2026,meny,TALLER CAJAS,montzay ,,
281,,tornillo 1/4 con tuerca,,SALIDA,6,,19/2/2026,meny,TALLER CAJAS,montzay ,,
282,,soldadura 6013,,SALIDA,1 kilo,,19/2/2026,meny,TALLER CAJAS,montzay ,,
283,,bisagra wabash,,SALIDA,1,,19/2/2026,armando,TALLER CAJAS,montzay ,,
284,,tornillo de 1/2 con tuerca ,,SALIDA,1,,19/2/2026,armando,TALLER CAJAS,montzay ,,
285,,tapon del wh85,,ENTRADA,1,1,19/2/2026,FRAGA ,,JESUS SOTO ,,
286,,tapon del wh85,,SALIDA,1,0,19/2/2026,hector ,,montzay ,,
287,,cubeta aceite de motor ,,ENTRADA,5,5,19/2/2026,jaz,TALLER CAJAS,JESUS SOTO ,,
288,,cubeta aceite de motor ,,SALIDA,5,0,19/2/2026,eduardo ,TALLER CAJAS,montzay ,,
289,,cubeta aceite de motor ,,ENTRADA,6,6,19/2/2026,FRAGA ,,JESUS SOTO ,,
290,,cubeta aceite de motor ,,SALIDA,6,0,19/2/2026,hector ,,montzay ,,
291,,laminas 3/16,,ENTRADA,2,2,19/2/2026,jaz,TALLER CAJAS,JESUS SOTO ,,
292,,laminas 3/16,,SALIDA,2,0,19/2/2026,meny,TALLER CAJAS,montzay ,,
293,,bisagra wabash,,SALIDA,4,,19/2/2026,meny,TALLER CAJAS,montzay ,,
294,,soqueteras,,SALIDA,1,,19/2/2026,meny,TALLER CAJAS,montzay ,,
295,,kit filtros wh76,,ENTRADA,1,1,19/2/2026,FRAGA ,TALLER TRACTOS,JESUS SOTO ,,
296,,kit filtros wh76,,SALIDA,1,0,19/2/2026,richi,TALLER TRACTOS,ALAN ,,
297,,flecha para wh115,,ENTRADA,1,1,19/2/2026,FRAGA ,TALLER TRACTOS,JESUS SOTO ,,
298,,flecha para wh115,,SALIDA,1,0,19/2/2026,richi,TALLER TRACTOS,ALAN ,,
299,,parche xrp10,,SALIDA,5,,19/2/2026,carlos,TALLER TRACTOS,montzay ,,
300,,broca 9/32x12,,SALIDA,2,,19/2/2026,alejandro casas,TALLER CAJAS,ALAN ,,
301,,kit de filtros wh10,,ENTRADA,1,1,19/2/2026,FRAGA ,TALLER TRACTOS,JESUS SOTO ,,
302,,kit de filtros wh10,,SALIDA,1,0,19/2/2026,redondo,TALLER TRACTOS,montzay ,,
303,,filtros y aceite rabon ep,,ENTRADA,1,1,19/2/2026,FRAGA ,TALLER TRACTOS,JESUS SOTO ,,
304,,filtros y aceite rabon ep,,SALIDA,1,0,19/2/2026,redondo,TALLER TRACTOS,montzay ,,
305,,disco de corte 4,,SALIDA,3,,20/2/2026,armando,TALLER CAJAS,montzay ,,
306,,soldadura de aluminio,,SALIDA,"0,91",,20/2/2026,jose ,TALLER CAJAS,montzay ,,
307,,BROCA 9/32X12,,SALIDA,1,,20/2/2026,bujanda,TALLER CAJAS,montzay ,,
308,,tornillo 1/4 con tuerca,,SALIDA,20,,20/2/2026,jose ,TALLER CAJAS,montzay ,,
309,,broca 9/32x12,,SALIDA,2,,20/2/2026,jose ,TALLER CAJAS,montzay ,,
310,,BITACORA DE CRUCE ,,SALIDA,3,,20/2/2026,VICTOR,,montzay ,,
311,,COMPROBANTE DE MOVIMIENTO ,,SALIDA,3,,20/2/2026,VICTOR,,montzay ,,
312,,REMACHES 3/16,,SALIDA,2,,20/2/2026,alejandro casas,TALLER CAJAS,montzay ,,
313,,SPRAY BLANCO ,,SALIDA,1,,20/2/2026,bujanda,TALLER CAJAS,JAZ,,
314,,SOLDADURA 7018,,SALIDA,2 KILOS,,20/2/2026,ARMANDO,TALLER CAJAS,JAZ,,
315,,SOLDADURA 6013,,SALIDA,1 KILO,,21/2/2026,KEVIN,TALLER CAJAS,ALAN ,,
316,,tornillo de 1/2 con tuerca ,,SALIDA,2,,21/2/2026,alejandro casas,TALLER CAJAS,montzay ,,
317,,SELLADORES DE BLOQUE ,,ENTRADA,2,2,21/2/2026,FRAGA ,TALLER TRACTOS,JESUS SOTO ,,
318,,SELLADORES DE BLOQUE ,,SALIDA,2,0,21/2/2026,hector ,TALLER TRACTOS,ALAN ,,
319,,CARGADOR ,,SALIDA,1,,21/2/2026,,TALLER CAJAS,montzay ,,
320,,soldadura 6013,,SALIDA,1 KILO,,21/2/2026,,TALLER CAJAS,montzay ,,
321,,SILICON NEGRO ,,SALIDA,1,,21/2/2026,,TALLER CAJAS,montzay ,,
322,,SILICON BLANCO ,,SALIDA,1,,21/2/2026,,TALLER CAJAS,montzay ,,
323,,MATRACAS ,,ENTRADA,3,3,21/2/2026,FRAGA ,TALLER TRACTOS,JESUS SOTO ,,
324,,MATRACAS ,,SALIDA,3,0,21/2/2026,hector ,TALLER TRACTOS,ALAN ,,
325,,TUERCA PARA BIRLO,,ENTRADA,6,6,21/2/2026,FRAGA ,TALLER TRACTOS,JESUS SOTO ,,
326,,TUERCA PARA BIRLO,,SALIDA,6,0,21/2/2026,hector ,TALLER TRACTOS,ALAN ,,
327,,PERNO SEGURO PARA PUERTA,,ENTRADA,1,1,21/2/2026,FRAGA ,TALLER TRACTOS,JESUS SOTO ,,
328,,PERNO SEGURO PARA PUERTA,,SALIDA,1,0,21/2/2026,hector ,TALLER TRACTOS,ALAN ,,
329,,ALBARDON PARA WH16,,ENTRADA,2,2,21/2/2026,FRAGA ,TALLER TRACTOS,JESUS SOTO ,,
330,,ALBARDON PARA WH16,,SALIDA,2,0,21/2/2026,hector ,TALLER TRACTOS,ALAN ,,
331,,PERCHA PARA WH17,,ENTRADA,1,1,21/2/2026,FRAGA ,TALLER TRACTOS,JESUS SOTO ,,
332,,PERCHA PARA WH17,,SALIDA,1,0,21/2/2026,hector ,TALLER TRACTOS,ALAN ,,
333,,valvula para wh181,,ENTRADA,1,1,24/2/2026,FRAGA ,TALLER TRACTOS,JESUS SOTO ,,
334,,valvula para wh181,,SALIDA,1,0,24/2/2026,richi,TALLER TRACTOS,ALAN ,,
335,,filtro burbuja,trp,ENTRADA,1,1,24/2/2026,FRAGA ,TALLER TRACTOS,JESUS SOTO ,,
336,,filtro burbuja,trp,SALIDA,1,0,24/2/2026,richi,TALLER TRACTOS,ALAN ,,
337,,20 litros de def ,camionera,ENTRADA,20,20,24/2/2026,FRAGA ,TALLER TRACTOS,JESUS SOTO ,,
338,,20 litros de def ,camionera,SALIDA,20,0,24/2/2026,richi,TALLER TRACTOS,ALAN ,,
339,,8 tornillos de 1/4 con arandela y tuercas,,SALIDA,8,,24/2/2026,rafa,TALLER CAJAS,montzay ,,
340,,2 brocas de 1/4 ,,SALIDA,2,,24/2/2026,rafa,TALLER CAJAS,montzay ,,
341,,filtros para wh207,,ENTRADA,4,4,24/2/2026,FRAGA ,TALLER TRACTOS,JESUS SOTO ,,
342,,filtros para wh207,,SALIDA,4,0,24/2/2026,redondo,TALLER TRACTOS,montzay ,,
343,,valvula niveladora ,,ENTRADA,1,1,24/2/2026,FRAGA ,TALLER TRACTOS,JESUS SOTO ,,
344,,valvula niveladora ,,SALIDA,1,0,24/2/2026,redondo,TALLER TRACTOS,montzay ,,
345,,dos bolsas de aire traseras wh169,,ENTRADA,2,2,24/2/2026,FRAGA ,TALLER TRACTOS,JESUS SOTO ,,
346,,dos bolsas de aire traseras wh169,,SALIDA,2,0,24/2/2026,redondo,TALLER TRACTOS,montzay ,,
347,,soldadura 6013,,SALIDA,"0,56",,24/2/2026,rafa,TALLER CAJAS,montzay ,,
348,,2 conexiones rapidas de 1/4,,SALIDA,2,,24/2/2026,redondo,TALLER TRACTOS,montzay ,,
349,,1 conexion de codo a rosca 1/4,,SALIDA,1,,24/2/2026,redondo,TALLER TRACTOS,montzay ,,
350,,maria roja ,,SALIDA,1,,24/2/2026,meny,TALLER CAJAS,montzay ,,
351,,2 kit de bujes A241,,ENTRADA,2,2,24/2/2026,JAZ,TALLER CAJAS,JESUS SOTO ,,
352,,2 kit de bujes A241,,SALIDA,2,0,24/2/2026,manuel ,TALLER CAJAS,ALAN ,,
353,,3 CUBETAS DE ACEITE DE MOTOR,,ENTRADA,3,3,24/2/2026,FRAGA ,TALLER TRACTOS,JESUS SOTO ,,
354,,3 CUBETAS DE ACEITE DE MOTOR,,SALIDA,3,0,24/2/2026,redondo,TALLER TRACTOS,montzay ,,
355,,3 PORRONES DE ANTICONGELANTE,,ENTRADA,3,3,24/2/2026,FRAGA ,TALLER TRACTOS,JESUS SOTO ,,
356,,3 PORRONES DE ANTICONGELANTE,,SALIDA,3,0,24/2/2026,redondo,TALLER TRACTOS,montzay ,,
357,,2 CUBETAS DE ACEITE DE TRANSMISION,,ENTRADA,2,2,24/2/2026,JAZ,TALLER CAJAS,JESUS SOTO ,,
358,,2 CUBETAS DE ACEITE DE TRANSMISION,,SALIDA,2,0,24/2/2026,meny,TALLER CAJAS,montzay ,,
359,,1 SILICON NEGRO ,,SALIDA,1,,24/2/2026,RAFA,TALLER CAJAS,montzay ,,
360,,REMACHES 3/16,,SALIDA,50,,24/2/2026,bujanda,TALLER CAJAS,montzay ,,
361,,soldadura 6013,rolesa,salida,1 kilo,,25/2/2026,ALEJANDRO,TALLER CAJAS,montzay ,,
362,,tornillo de piso ,promare,ENTRADA,1000,1000,25/2/2026,jaz,TALLER CAJAS,JESUS SOTO ,,
363,,tornillo de piso ,promare,SALIDA,1000,0,25/2/2026,manuel ,TALLER CAJAS,montzay ,,
364,,piso ,promare,ENTRADA,4,4,25/2/2026,jaz,TALLER CAJAS,JESUS SOTO ,,
365,,piso ,promare,SALIDA,4,0,25/2/2026,manuel ,TALLER CAJAS,montzay ,,
366,,amortiguadores wh 19,trasejusa,ENTRADA,4,4,25/2/2026,FRAGA ,TALLER TRACTOS,JESUS SOTO ,,
367,,amortiguadores wh 19,trasejusa,SALIDA,4,0,25/2/2026,hector,TALLER TRACTOS,ALAN ,,
368,,soqueteras,trasejusa,ENTRADA,10,10,25/2/2026,FRAGA ,TALLER TRACTOS,JESUS SOTO ,,
369,,soqueteras,trasejusa,SALIDA,2,8,25/2/2026,hector,TALLER TRACTOS,ALAN ,,
370,,conexion rapida 1/4 a 1/4,,SALIDA,1,,25/2/2026,carlos,TALLER TRACTOS,ALAN ,,
371,,rotachamber,diesel parts,ENTRADA,3,3,25/2/2026,kevin,TALLER CAJAS,JESUS SOTO ,,
372,,soldadura de aluminio,,SALIDA,1 kilo,,25/2/2026,armando,TALLER CAJAS,montzay ,,
373,,tornillo 5/16 con tuerca ,,SALIDA,24,,25/2/2026,armando,TALLER CAJAS,montzay ,,
374,,conexiones para trocas de servicio ,cemaco,ENTRADA,1,1,25/2/2026,kevin,TALLER CAJAS,JESUS SOTO ,,
375,,conexiones para trocas de servicio ,cemaco,SALIDA,1,0,25/2/2026,kevin,TALLER CAJAS,montzay ,,
376,,40 tuercas para pilas ,,ENTRADA,40,40,25/2/2026,jaz,TALLER CAJAS,JESUS SOTO ,,
377,,40 tuercas para pilas ,,SALIDA,40,0,25/2/2026,jaz,TALLER CAJAS,montzay ,,
378,,manguera p/ trocas de servicio ,,ENTRADA,1,,25/2/2026,kevin,TALLER CAJAS,JESUS SOTO ,,
379,,manguera p/ trocas de servicio ,,SALIDA,1,,25/2/2026,kevin,TALLER CAJAS,montzay ,,
380,,broca 1/4,,SALIDA,2,,25/2/2026,rafa,TALLER CAJAS,montzay ,,
381,,disco de corte 4,,SALIDA,1,,25/2/2026,rafa,TALLER CAJAS,montzay ,,
382,,sensor del agua wh89,,ENTRADA,1,1,25/2/2026,FRAGA ,TALLER TRACTOS,JESUS SOTO ,,
383,,sensor del agua wh89,,SALIDA,1,0,25/2/2026,hector,TALLER TRACTOS,ALAN ,,
384,,purgadores de tanque de aire,,ENTRADA,2,2,25/2/2026,FRAGA ,TALLER TRACTOS,JESUS SOTO ,,
385,,purgadores de tanque de aire,,SALIDA,2,0,25/2/2026,hector,TALLER TRACTOS,ALAN ,,
386,,def para wh112,,ENTRADA,1,1,25/2/2026,FRAGA ,TALLER TRACTOS,JESUS SOTO ,,
387,,def para wh112,,SALIDA,1,0,25/2/2026,hector,TALLER TRACTOS,ALAN ,,
388,,REMACHES 3/16,,SALIDA,50,,25/2/2026,rafa,TALLER CAJAS,montzay ,,
389,,soldadura 6013,,SALIDA,1 kilo,,25/2/2026,rafa,TALLER CAJAS,montzay ,,
390,,repuesto quinta wh89,,ENTRADA,1,1,25/2/2026,FRAGA ,TALLER TRACTOS,JESUS SOTO ,,
391,,repuesto quinta wh89,,SALIDA,1,0,25/2/2026,FRAGA ,TALLER TRACTOS,montzay ,,
392,,repuesto de secador ,,ENTRADA,1,1,25/2/2026,FRAGA ,TALLER TRACTOS,JESUS SOTO ,,
393,,repuesto de secador ,,SALIDA,1,0,25/2/2026,FRAGA ,TALLER TRACTOS,montzay ,,
394,,rodilleras,,ENTRADA,8,8,25/2/2026,jaz,TALLER CAJAS,JESUS SOTO ,,
395,,rodilleras,,SALIDA,1,7,25/2/2026,meny ,TALLER CAJAS,montzay ,,
396,,rodilleras,,SALIDA,1,6,25/2/2026,jose ,TALLER CAJAS,montzay ,,
397,,rodilleras,,SALIDA,1,5,25/2/2026,armando,TALLER CAJAS,montzay ,,
398,,rodilleras,,SALIDA,1,4,25/2/2026,bujanda,TALLER CAJAS,montzay ,,
399,,rodilleras,,SALIDA,1,3,25/2/2026,alejandro ,TALLER CAJAS,montzay ,,
400,,rodilleras,,SALIDA,1,2,25/2/2026,rafa,TALLER CAJAS,montzay ,,
401,,rodilleras,,SALIDA,1,1,25/2/2026,adrian,TALLER CAJAS,montzay ,,
402,,navaja ,,SALIDA,1,,25/2/2026,adrian,TALLER CAJAS,montzay ,,
403,,lentes ,,SALIDA,1,,25/2/2026,adrian,TALLER CAJAS,montzay ,,
404,,extension,,ENTRADA,1,,25/2/2026,victor,,montzay ,,
405,,extension,,SALIDA,1,,25/2/2026,victor,,montzay ,,
406,,conectores volvo,,ENTRADA,4,4,25/2/2026,FRAGA ,TALLER TRACTOS,JESUS SOTO ,,
407,,conectores volvo,,SALIDA,4,0,25/2/2026,FRAGA ,TALLER TRACTOS,montzay ,,
408,,retenes ,,ENTRADA,4,4,25/2/2026,FRAGA ,TALLER TRACTOS,JESUS SOTO ,,
409,,retenes ,,SALIDA,4,0,25/2/2026,FRAGA ,TALLER TRACTOS,montzay ,,
410,,limpiaparabrisas 20 banana,,ENTRADA,2,2,25/2/2026,FRAGA ,TALLER TRACTOS,JESUS SOTO ,,
411,,limpiaparabrisas 20 banana,,SALIDA,2,0,25/2/2026,FRAGA ,TALLER TRACTOS,montzay ,,
412,,filtro para hidrolavadora ,,ENTRADA,1,1,25/2/2026,FRAGA ,TALLER TRACTOS,JESUS SOTO ,,
413,,filtro para hidrolavadora ,,SALIDA,1,0,25/2/2026,FRAGA ,TALLER TRACTOS,montzay ,,
414,,kit repuesto wh16,,ENTRADA,1,1,25/2/2026,FRAGA ,TALLER TRACTOS,JESUS SOTO ,,
415,,kit repuesto wh16,,SALIDA,1,0,25/2/2026,hector,TALLER TRACTOS,montzay ,,
416,,5 tornillos 3/8x3 ,,SALIDA,5,,26/2/2026,mauro,TALLER CAJAS,ALAN ,,
417,,maria ambar,,SALIDA,2,,26/2/2026,mauro,TALLER CAJAS,ALAN ,,
418,,maria roja ,,SALIDA,2,,26/2/2026,mauro,TALLER CAJAS,ALAN ,,
419,,tornillo 1/4x3,,SALIDA,3,,26/2/2026,mauro,TALLER CAJAS,ALAN ,,
420,,gomita para caja,,SALIDA,4,,26/2/2026,mauro,TALLER CAJAS,ALAN ,,
421,,cinta aislante,,SALIDA,1,,26/2/2026,mauro,TALLER CAJAS,ALAN ,,
422,,cadeneros,,SALIDA,3,,26/2/2026,mauro,TALLER CAJAS,ALAN ,,
423,,tornillo 3/8x1,,SALIDA,6,,26/2/2026,mauro,TALLER CAJAS,ALAN ,,
424,,silicon negro,,SALIDA,2,,26/2/2026,mauro,TALLER CAJAS,ALAN ,,
425,,tornillo punta de broca x1,,SALIDA,20,,26/2/2026,mauro,TALLER CAJAS,ALAN ,,
426,,direccional ambar ,,SALIDA,1,,26/2/2026,mauro,TALLER CAJAS,ALAN ,,
427,,bisagra wabash,,SALIDA,2,,26/2/2026,mauro,TALLER CAJAS,ALAN ,,
428,,GRASA P CHASIS ,,SALIDA,1,,26/2/2026,ADRIAN,TALLER CAJAS,montzay ,,
429,,alarma de reversa para wh115,,SALIDA,1,,26/2/2026,hector,TALLER TRACTOS,montzay ,,
430,,REMACHES 3/16,,SALIDA,3,,26/2/2026,JOSE,TALLER TRACTOS,montzay ,,
431,,bisagra wabash,,SALIDA,1,,26/2/2026,meny,TALLER CAJAS,montzay ,,
432,,TORNILLO CON TUERCA DE 1/2X6,,SALIDA,1,,26/2/2026,meny,TALLER CAJAS,montzay ,,
433,,REPUESTO QUINTA ,VOLVO,ENTRADA,1,1,26/2/2026,FRAGA ,TALLER TRACTOS,JESUS SOTO ,,
434,,REPUESTO QUINTA ,VOLVO,SALIDA,1,0,26/2/2026,hector,TALLER TRACTOS,ALAN ,,
435,,bisagra wabash,,SALIDA,1,,26/2/2026,bujanda,TALLER CAJAS,montzay ,,
436,,tornillo de 1/2 con tuerca,,SALIDA,1,,26/2/2026,bujanda,TALLER CAJAS,montzay ,,
437,,disco de corte de 4,,SALIDA,2,,26/2/2026,bujanda,TALLER CAJAS,montzay ,,
438,,chirrion,,SALIDA,1,,26/2/2026,hector,TALLER TRACTOS,montzay ,de los negros nuevos,
439,,silicon blanco,,SALIDA,3,,26/2/2026,jose ,TALLER CAJAS,montzay ,,
440,,silicon blanco,,SALIDA,1,,26/2/2026,armando ,TALLER CAJAS,montzay ,,
441,,pintura spray plata,,SALIDA,1,,26/2/2026,armando ,TALLER CAJAS,montzay ,,
442,,REMACHES 3/16,,SALIDA,2,,26/2/2026,armando ,TALLER CAJAS,montzay ,,
443,,maria transparente,,SALIDA,1,,26/2/2026,bujanda,TALLER CAJAS,montzay ,,
444,,maria roja ,,SALIDA,1,,26/2/2026,bujanda,TALLER CAJAS,montzay ,,
445,,punta tor 40,,SALIDA,1,,26/2/2026,rafa,TALLER CAJAS,montzay ,,
446,,10 varillas de soldadura 6013,,SALIDA,"0,37",,26/2/2026,rafa,TALLER CAJAS,montzay ,,
447,,silicon negro,,SALIDA,1,,26/2/2026,rafa,TALLER CAJAS,montzay ,,
448,,soquetera,,SALIDA,2,,26/2/2026,meny,TALLER CAJAS,montzay ,,
449,,tornillo de 3/8 con tuerca,,SALIDA,5 y 10,,26/2/2026,jose ,TALLER CAJAS,montzay ,,
450,,dado ,,ENTRADA,1,1,26/2/2026,meny,TALLER CAJAS,JESUS SOTO ,,
451,,dado ,,SALIDA,1,0,26/2/2026,meny,TALLER CAJAS,ALAN ,,
452,,repuesto de secador wabco,,ENTRADA,1,1,26/2/2026,FRAGA ,TALLER TRACTOS,JESUS SOTO ,,
453,,repuesto de secador wabco,,SALIDA,1,0,26/2/2026,hector,TALLER TRACTOS,ALAN ,,
454,,chirrion especial wh115,,ENTRADA,1,1,26/2/2026,FRAGA ,TALLER TRACTOS,JESUS SOTO ,,
455,,chirrion especial wh115,,SALIDA,1,0,26/2/2026,hector,TALLER TRACTOS,ALAN ,,
456,,tornillo 3/4x6,,ENTRADA,1,1,26/2/2026,FRAGA ,TALLER TRACTOS,JESUS SOTO ,,
457,,tornillo 3/4x6,,SALIDA,1,0,26/2/2026,hector,TALLER TRACTOS,ALAN ,,
458,,bazuca wh115,,ENTRADA,1,1,26/2/2026,FRAGA ,TALLER TRACTOS,JESUS SOTO ,,
459,,bazuca wh115,,SALIDA,1,0,26/2/2026,hector,TALLER TRACTOS,ALAN ,,
460,,soldadura 6013,,ENTRADA,1 kilo ,1,26/2/2026,,,,,
461,,soldadura 6013,,SALIDA,1 kilo ,0,26/2/2026,,,,,
462,,brocas 9/32,,ENTRADA,43,43,26/2/2026,JAZ,TALLER CAJAS,JESUS SOTO ,,
463,,brocas 9/32 x12,,ENTRADA,3,3,26/2/2026,JAZ,TALLER CAJAS,JESUS SOTO ,,
464,,disco de corte de 4,,SALIDA,2,,27/2/2026,jose ,TALLER CAJAS,montzay ,,
465,,disco de corte de 4,,SALIDA,1,,27/2/2026,armando ,TALLER CAJAS,montzay ,,
466,,bisagra wabash,,SALIDA,1,,27/2/2026,alejandro,TALLER CAJAS,montzay ,,
467,,tornillo de 1/2 con tuerca,,SALIDA,1,,27/2/2026,alejandro,TALLER CAJAS,montzay ,,
468,,rodillera,,SALIDA,1,,27/2/2026,francisco ,TALLER CAJAS,montzay ,,
469,,kit de filtros para wh39,,ENTRADA,1,1,27/2/2026,FRAGA ,TALLER TRACTOS,JESUS SOTO ,,
470,,kit de filtros para wh39,,SALIDA,1,0,27/2/2026,FRAGA ,TALLER TRACTOS,montzay ,,
471,,aceite de motor wh39,,ENTRADA,1,1,27/2/2026,FRAGA ,TALLER TRACTOS,JESUS SOTO ,,
472,,aceite de motor wh39,,SALIDA,1,0,27/2/2026,FRAGA ,TALLER TRACTOS,montzay ,,
473,,rotachamber ,,ENTRADA,1,1,27/2/2026,FRAGA ,TALLER TRACTOS,JESUS SOTO ,,
474,,rotachamber ,,SALIDA,1,0,27/2/2026,FRAGA ,TALLER TRACTOS,montzay ,,
475,,pintura spray blanca ,hagalo,SALIDA,1,,27/2/2026,bujanda,TALLER CAJAS,montzay ,,
476,,bitacoras de cruce ,nova,SALIDA,3 block ,,27/2/2026,victor,,montzay ,,
477,,movimientos,nova,SALIDA,3 block ,,27/2/2026,victor ,,montzay ,,
478,,disco de corte de 4,agmaq,SALIDA,2,,27/2/2026,ulises,TALLER TRACTOS,montzay ,,
479,,REMACHES 3/16,hagalo,SALIDA,2,,27/2/2026,alejandro,TALLER CAJAS,montzay ,,
480,,bolsa de aire r213,promare,ENTRADA,1,1,27/2/2026,kevin,TALLER CAJAS,JESUS SOTO ,,
481,,bolsa de aire r213,promare,SALIDA,1,0,27/2/2026,kevin,TALLER CAJAS,montzay ,,
482,,silicon negro,hagalo,SALIDA,1,,27/2/2026,rafa,TALLER CAJAS,montzay ,,
483,,disco de corte de 4,agmaq,SALIDA,1,,27/2/2026,rafa,TALLER CAJAS,montzay ,,
484,,coples de 1/2,semco,ENTRADA,2,2,27/2/2026,FRAGA ,TALLER TRACTOS,JESUS SOTO ,,
485,,coples de 1/2,semco,SALIDA,2,0,27/2/2026,fraga ,TALLER TRACTOS,montzay ,,
486,,discos rectificados wh30,gamez,SALIDA,2,,27/2/2026,hector,TALLER TRACTOS,ALAN ,,
487,,valvula para compresor de base ,semco,ENTRADA,1,1,27/2/2026,FRAGA ,base,JESUS SOTO ,,
488,,valvula para compresor de base ,semco,SALIDA,1,0,27/2/2026,manuel ,base,ALAN ,,
489,,cinta reflejante,diesel parts,ENTRADA,2,2,27/2/2026,JAZ,TALLER CAJAS,JESUS SOTO ,,
490,,cinta reflejante,diesel parts,SALIDA,1,0,27/2/2026,manuel ,TALLER CAJAS,ALAN ,,
491,,cargadores ,promare,ENTRADA,25,,27/2/2026,manuel ,TALLER CAJAS,JESUS SOTO ,,
492,,gasolina ,,SALIDA,40litros,,27/2/2026,hector,TALLER TRACTOS,ALAN ,,
493,,filtro para wh12,diesel parts,ENTRADA,1,1,27/2/2026,FRAGA ,TALLER TRACTOS,JESUS SOTO ,,
494,,filtro para wh12,diesel parts,SALIDA,1,0,27/2/2026,FRAGA ,TALLER TRACTOS,montzay ,,
495,,anticongelante,cadisa,ENTRADA,3,3,27/2/2026,FRAGA ,TALLER TRACTOS,JESUS SOTO ,,
496,,anticongelante,cadisa,SALIDA,3,0,27/2/2026,FRAGA ,TALLER TRACTOS,montzay ,,
497,,broca 9/32,,SALIDA,3,,27/2/2026,jose ,TALLER CAJAS,montzay ,,
498,,tinner,,ENTRADA,,,27/2/2026,jaz,TALLER CAJAS,JESUS SOTO ,,
499,,tinner,,SALIDA,,,27/2/2026,bujanda,TALLER CAJAS,montzay ,,
500,,coladores ,,ENTRADA,,,27/2/2026,jaz,TALLER CAJAS,JESUS SOTO ,,
501,,coladores ,,SALIDA,,,27/2/2026,bujanda,TALLER CAJAS,montzay ,,
502,,cepillos ,,SALIDA,,,27/2/2026,bujanda,TALLER CAJAS,montzay ,,
503,,bolsa de cabina wh165,,ENTRADA,2,2,27/2/2026,FRAGA ,TALLER TRACTOS,JESUS SOTO ,,
504,,bolsa de cabina wh165,,SALIDA,2,0,27/2/2026,hector,TALLER TRACTOS,ALAN ,,
505,,caja de trapos ,,ENTRADA,2,2,28/2/2026,FRAGA ,TALLER TRACTOS,JESUS SOTO ,,
506,,caja de trapos ,,SALIDA,2,0,28/2/2026,FRAGA ,TALLER TRACTOS,montzay ,,
507,,caja de trapos ,,SALIDA,1,0,28/2/2026,meny,TALLER CAJAS,montzay ,,
508,,soldadura 6013,,SALIDA,2 kilos,,28/2/2026,meny,TALLER CAJAS,montzay ,,
509,,broca 3/8,,SALIDA,2,,28/2/2026,jose ,TALLER CAJAS,montzay ,,
510,,tornillo 5/16 con tuerca,,SALIDA,22,,28/2/2026,armando ,TALLER CAJAS,montzay ,,
511,,tornillo 1/4 con tuerca,,SALIDA,14,,28/2/2026,armando ,TALLER CAJAS,montzay ,,
512,,repuesto de secador wh77,,ENTRADA,1,1,28/2/2026,FRAGA ,TALLER TRACTOS,JESUS SOTO ,,
513,,repuesto de secador wh77,,SALIDA,1,0,28/2/2026,hector,TALLER TRACTOS,ALAN ,,
514,,gancho para cofre wh59,,ENTRADA,2,2,28/2/2026,FRAGA ,TALLER TRACTOS,JESUS SOTO ,,
515,,gancho para cofre wh59,,SALIDA,2,0,28/2/2026,hector,TALLER TRACTOS,ALAN ,,
516,,16 balatas ,,ENTRADA,16,16,28/2/2026,jaz,TALLER CAJAS,JESUS SOTO ,,
517,,16 balatas ,,SALIDA,16,0,28/2/2026,,TALLER CAJAS,ALAN ,,
518,,4 tambores ,,ENTRADA,4,4,28/2/2026,jaz,TALLER CAJAS,JESUS SOTO ,,
519,,4 tambores ,,SALIDA,4,0,28/2/2026,,TALLER CAJAS,ALAN ,,
520,,soquetera y varilla wh160,,ENTRADA,1,1,28/2/2026,FRAGA ,TALLER TRACTOS,JESUS SOTO ,,
521,,soquetera y varilla wh160,,SALIDA,1,0,28/2/2026,hector,TALLER TRACTOS,ALAN ,,
522,,amortiguadores  wh 513 y wh39,,ENTRADA,4,4,28/2/2026,FRAGA ,TALLER TRACTOS,JESUS SOTO ,,
523,,amortiguadores  wh 513 y wh39,,SALIDA,4,0,28/2/2026,FRAGA ,TALLER TRACTOS,montzay ,,
524,,repuesto de quinta wh39,,ENTRADA,1,1,28/2/2026,FRAGA ,TALLER TRACTOS,JESUS SOTO ,,
525,,repuesto de quinta wh39,,SALIDA,1,0,28/2/2026,FRAGA ,TALLER TRACTOS,montzay ,,
526,,aceite monogrado ,,ENTRADA,3,3,28/2/2026,FRAGA ,TALLER TRACTOS,JESUS SOTO ,,
527,,aceite monogrado ,,SALIDA,3,0,28/2/2026,FRAGA ,TALLER TRACTOS,ALAN ,,
528,,kit de filtro wh191,,ENTRADA,1,1,28/2/2026,FRAGA ,TALLER TRACTOS,JESUS SOTO ,,
529,,kit de filtro wh191,,SALIDA,1,0,28/2/2026,FRAGA ,TALLER TRACTOS,ALAN ,,
530,,reten trasero wh196,,ENTRADA,2,2,28/2/2026,FRAGA ,TALLER TRACTOS,JESUS SOTO ,,
531,,reten trasero wh196,,SALIDA,2,0,28/2/2026,FRAGA ,TALLER TRACTOS,ALAN ,,
532,,valvula de servicio wh62,,ENTRADA,1,1,28/2/2026,FRAGA ,TALLER TRACTOS,JESUS SOTO ,,
533,,valvula de servicio wh62,,SALIDA,1,0,28/2/2026,FRAGA ,TALLER TRACTOS,ALAN ,,
534,,amortiguadores wh24,,ENTRADA,2,2,28/2/2026,FRAGA ,TALLER TRACTOS,JESUS SOTO ,,
535,,amortiguadores wh24,,SALIDA,2,0,28/2/2026,FRAGA ,TALLER TRACTOS,ALAN ,,
536,,aceite de motor wh191,,ENTRADA,3,3,28/2/2026,FRAGA ,TALLER TRACTOS,JESUS SOTO ,,
537,,aceite de motor wh191,,SALIDA,3,0,28/2/2026,FRAGA ,TALLER TRACTOS,ALAN ,,
538,,parche xrp10,,SALIDA,5,,2/3/2026,carlos,TALLER TRACTOS,alan ,,
539,,tornillo de 3/8x1 1/2,,SALIDA,40,,2/3/2026,meny,TALLER CAJAS,montzay ,,
540,,soquetera wh30,,SALIDA,1,,2/3/2026,FRAGA ,TALLER TRACTOS,montzay ,,
541,,tornillo de 3/8 con tuerca ,,SALIDA,4,,2/3/2026,bujanda,TALLER CAJAS,montzay ,,
542,,tornillo de 3/8 con tuerca ,,SALIDA,4,,2/3/2026,bujanda,TALLER CAJAS,montzay ,,
543,,bisagra wabash,,SALIDA,2,,2/3/2026,bujanda,TALLER CAJAS,montzay ,,
544,,tornillo de 1/2 con tuerca ,,SALIDA,2,,2/3/2026,bujanda,TALLER CAJAS,montzay ,,
545,,disco de corte de 4,,SALIDA,3,,2/3/2026,jose ,TALLER CAJAS,montzay ,,
546,,chirrion wh119,,SALIDA,1,,2/3/2026,jose guadalupe soria,chofer ,montzay ,,
547,,bolsa de aire r229,,ENTRADA,2,2,2/3/2026,kevin ,TALLER CAJAS,JESUS SOTO ,,
548,,bolsa de aire r229,,SALIDA,2,0,2/3/2026,kevin ,TALLER CAJAS,montzay ,,
549,,silicon negro ,,SALIDA,1,,2/3/2026,bujanda,TALLER CAJAS,montzay ,,
550,,soquetera,,SALIDA,1,,2/3/2026,jose,TALLER CAJAS,montzay ,,
551,,disco de corte de 7,,SALIDA,2,,2/3/2026,rafa,TALLER CAJAS,montzay ,,
552,,tornillo 1/4x6 con tuerca,,SALIDA,51,,2/3/2026,meny,TALLER CAJAS,montzay ,,
553,,amortiguadores para wh106,,ENTRADA,2,2,2/3/2026,FRAGA ,TALLER TRACTOS,JESUS SOTO ,,
554,,amortiguadores para wh106,,SALIDA,2,0,2/3/2026,FRAGA ,TALLER TRACTOS,montzay ,,
555,,soldadura 7018,,SALIDA,"0,76",,2/3/2026,meny,TALLER CAJAS,montzay ,,
556,,soldadura 6013,,SALIDA,"1,78",,2/3/2026,meny,TALLER CAJAS,montzay ,,
557,,abrazadera de 5 pulgadas preformada,,ENTRADA,3,3,2/3/2026,FRAGA ,TALLER TRACTOS,JESUS SOTO ,,
558,,abrazadera de 5 pulgadas preformada,,SALIDA,3,0,2/3/2026,FRAGA ,TALLER TRACTOS,montzay ,,
559,,junta rondana pa ajuste clutch 2,,ENTRADA,4,4,2/3/2026,FRAGA ,TALLER TRACTOS,JESUS SOTO ,,
560,,junta rondana pa ajuste clutch 2,,SALIDA,4,0,2/3/2026,FRAGA ,TALLER TRACTOS,montzay ,,
561,,5 conexiones de codo 3/8,,ENTRADA,5,5,2/3/2026,FRAGA ,TALLER TRACTOS,JESUS SOTO ,,
562,,5 conexiones de codo 3/8,,SALIDA,5,0,2/3/2026,FRAGA ,TALLER TRACTOS,montzay ,,
563,,chapa lado izq y derecho ,,ENTRADA,2,2,2/3/2026,FRAGA ,TALLER TRACTOS,JESUS SOTO ,,
564,,chapa lado izq y derecho ,,SALIDA,2,0,2/3/2026,FRAGA ,TALLER TRACTOS,montzay ,,
565,,4 grapas completas,,ENTRADA,4,4,2/3/2026,meny,TALLER CAJAS,JESUS SOTO ,,
566,,4 grapas completas,,SALIDA,4,0,2/3/2026,meny,TALLER CAJAS,ALAN ,,
567,,1 peine de muelle,,ENTRADA,1,1,2/3/2026,meny,TALLER CAJAS,JESUS SOTO ,,
568,,1 peine de muelle,,SALIDA,1,0,2/3/2026,meny,TALLER CAJAS,ALAN ,,
569,,2 tanques de oxigeno,,ENTRADA,2,2,2/3/2026,meny,TALLER CAJAS,JESUS SOTO ,,
570,,2 tanques de oxigeno,,SALIDA,2,0,2/3/2026,meny,TALLER CAJAS,ALAN ,,
571,,inspeccion de viaje ,,SALIDA,6,,2/3/2026,hugo,guardia,montzay ,,
572,,rotachamber ,,ENTRADA,1,1,2/3/2026,FRAGA ,TALLER TRACTOS,JESUS SOTO ,,
573,,rotachamber ,,SALIDA,1,0,2/3/2026,FRAGA ,TALLER TRACTOS,montzay ,,
574,,juego de herramienta para mecanico 265 piezas,,ENTRADA,1,1,2/3/2026,FRAGA ,TALLER TRACTOS,JESUS SOTO ,,
575,,juego de herramienta para mecanico 265 piezas,,SALIDA,1,1,2/3/2026,hector,TALLER TRACTOS,montzay ,,
576,,foco 3137 ambar ,,SALIDA,2,,3/3/2026,hector,TALLER TRACTOS,ALAN ,,
577,,chirrion negro,,SALIDA,1,,3/3/2026,FRAGA ,TALLER TRACTOS,ALAN ,,
578,,soldadura de aluminio ,,SALIDA,3 kilos ,,3/3/2026,rafa,TALLER CAJAS,ALAN ,,
579,,galon de acido,,SALIDA,1 galon,,3/3/2026,rafa,TALLER CAJAS,ALAN ,,
580,,disco de corte de 4,,SALIDA,2,,3/3/2026,bujanda,TALLER CAJAS,montzay ,,
581,,boyas de gas,,ENTRADA,5,5,3/3/2026,jaz,TALLER CAJAS,JESUS SOTO ,,
582,,boyas de gas,,SALIDA,5,0,3/3/2026,eduardo,TALLER CAJAS,ALAN ,,
583,,remaches 3/16,,SALIDA,1,,3/3/2026,jose ,TALLER CAJAS,montzay ,,
584,,brocas 9/32,,SALIDA,2,,3/3/2026,armando ,TALLER CAJAS,montzay ,,
585,,tapa de masa ,,ENTRADA,4,4,3/3/2026,FRAGA ,TALLER TRACTOS,JESUS SOTO ,,
586,,tapa de masa ,,SALIDA,4,0,3/3/2026,hector,TALLER TRACTOS,montzay ,,
587,,alarma de reversa ,,ENTRADA,3,3,3/3/2026,FRAGA ,TALLER TRACTOS,JESUS SOTO ,,
588,,alarma de reversa ,,SALIDA,1,2,3/3/2026,hector,TALLER TRACTOS,montzay ,,
589,,tornillo de 1/4x6con tuerca ,,SALIDA,10,,3/3/2026,jose, taller cajas,montzay ,,
590,,broca 9/32x12,,SALIDA,1,,3/3/2026,jose,TALLER CAJAS,montzay ,,
591,,kit para cruceta,,ENTRADA,1,1,3/3/2026,FRAGA ,TALLER TRACTOS,JESUS SOTO ,,
592,,kit para cruceta,,SALIDA,1,0,3/3/2026,hector,TALLER TRACTOS,ALAN ,,
593,,2 juegos de balatas,,ENTRADA,2,2,3/3/2026,FRAGA ,TALLER TRACTOS,JESUS SOTO ,,
594,,2 juegos de balatas,,SALIDA,2,0,3/3/2026,hector,TALLER TRACTOS,ALAN ,,
595,,2 matracas autoajustable,,ENTRADA,2,2,3/3/2026,FRAGA ,TALLER TRACTOS,JESUS SOTO ,,
596,,2 matracas autoajustable,,SALIDA,2,0,3/3/2026,hector,TALLER TRACTOS,ALAN ,,
597,,2 retenes a241,,ENTRADA,2,2,3/3/2026,meny,TALLER CAJAS,JESUS SOTO ,,
598,,2 retenes a241,,SALIDA,2,0,3/3/2026,meny,TALLER CAJAS,montzay ,,
599,,llave para acetileno,rolesa ,ENTRADA,3,3,3/3/2026,jaz,TALLER CAJAS,JESUS SOTO ,,
600,,llave para acetileno,rolesa ,SALIDA,3,0,3/3/2026,jaz,TALLER CAJAS,montzay ,,
601,,bitacora local,nova ,SALIDA,2,,3/3/2026,oscar,trafico local,montzay ,,
602,,chirrion negro,,SALIDA,1,,3/3/2026,ulises,TALLER TRACTOS,montzay ,,
603,,boyas de gas,,ENTRADA,5,5,3/3/2026,jaz,TALLER CAJAS,JESUS SOTO ,,
604,,boyas de gas,,SALIDA,5,0,3/3/2026,eduardo,TALLER CAJAS,ALAN ,,
605,,remaches 3/16,,SALIDA,4,,3/3/2026, armando,TALLER CAJAS,montzay ,,
606,,bisagra wabash,,SALIDA,1,,3/3/2026,francisco,TALLER CAJAS,montzay ,,
607,,tornillo de 1/2 con tuerca,,SALIDA,1,,3/3/2026,francisco,TALLER CAJAS,montzay ,,
608,,disco de corte de 4,,SALIDA,2,,3/3/2026,jose ,TALLER CAJAS,montzay ,,
609,,chapa interna wh59,,ENTRADA,1,1,3/3/2026,FRAGA ,TALLER TRACTOS,JESUS SOTO ,,
610,,chapa interna wh59,,SALIDA,1,0,3/3/2026,FRAGA ,TALLER TRACTOS,ALAN ,,
611,,reten wh16,tarango ,ENTRADA,1,1,3/3/2026,FRAGA ,TALLER TRACTOS,JESUS SOTO ,,
612,,reten wh16,tarango ,SALIDA,1,0,3/3/2026,ulises,TALLER TRACTOS,montzay ,,
613,,afloja todo ,diesel parts,ENTRADA,2,2,3/3/2026,FRAGA ,TALLER TRACTOS,JESUS SOTO ,,
614,,afloja todo ,diesel parts,SALIDA,2,0,3/3/2026,ulises,TALLER TRACTOS,montzay ,,
615,,disco de corte de 4,agmaq,SALIDA,5,,4/3/2026,armando ,taller cajas,ALAN ,,
616,,tornillo 1/4x6,tusa ,SALIDA,12,,4/3/2026,armando ,TALLER CAJAS,ALAN ,,
617,,silicon negro ,hagalo,SALIDA,1,,4/3/2026,bujanda,TALLER CAJAS,ALAN ,,
618,,silicon blanco ,hagalo,SALIDA,1,,4/3/2026,bujanda,TALLER CAJAS,ALAN ,,
619,,silicon negro ,hagalo,SALIDA,1,,4/3/2026,rafa,TALLER CAJAS,ALAN ,,
620,,silicon blanco ,hagalo,SALIDA,1,,4/3/2026,rafa,TALLER CAJAS,ALAN ,,
621,,maria transparente ,apymsa,SALIDA,1,,4/3/2026,bujanda,TALLER CAJAS,montzay ,,
622,,cadeneros ,,SALIDA,2,,4/3/2026,bujanda,TALLER CAJAS,montzay ,,
623,,punta tor 40,,SALIDA,2,,4/3/2026,bujanda,TALLER CAJAS,montzay ,,
624,,tambos de lamina para basura ,,ENTRADA,2,2,4/3/2026,jaz,TALLER CAJAS,JESUS SOTO ,,
625,,tambos de lamina para basura ,,SALIDA,2,0,4/3/2026,manuel ,TALLER CAJAS,ALAN ,,
626,,cola de rata,,ENTRADA,3,0,4/3/2026,FRAGA ,TALLER TRACTOS,JESUS SOTO ,,
627,,cola de rata,,SALIDA,1,2,4/3/2026,FRAGA ,TALLER TRACTOS,montzay ,,
628,,plafon trasero ,,ENTRADA,3,3,4/3/2026,FRAGA ,TALLER TRACTOS,JESUS SOTO ,,
629,,plafon trasero ,,SALIDA,1,2,4/3/2026,FRAGA ,TALLER TRACTOS,montzay ,,
630,,amortiguadores wh159,,ENTRADA,2,2,4/3/2026,FRAGA ,TALLER TRACTOS,JESUS SOTO ,,
631,,amortiguadores wh159,,SALIDA,2,0,4/3/2026,hector,TALLER TRACTOS,montzay ,,
632,,radiador ,,SALIDA,1,0,4/3/2026,FRAGA ,TALLER TRACTOS,montzay ,wh180 reparacion ,
633,,parche xrp10,,SALIDA,5,,4/3/2026,carlos,TALLER TRACTOS,montzay ,,
634,,plafon rojo de 4,,SALIDA,2,,4/3/2026,meny,TALLER CAJAS,montzay ,a063,
635,,cinta aislante,,SALIDA,1,,4/3/2026,meny,TALLER CAJAS,montzay ,,
636,,conexion para wh129,,ENTRADA,2,2,4/3/2026,FRAGA ,TALLER TRACTOS,JESUS SOTO ,,
637,,conexion para wh129,,SALIDA,2,0,4/3/2026,hector,TALLER TRACTOS,ALAN ,,
638,,soldadura 7018,,ENTRADA,5,5,4/3/2026,jaz,TALLER CAJAS,JESUS SOTO ,,
639,,soldadura 7018,,SALIDA,1,4,4/3/2026,meny,TALLER CAJAS,montzay ,,
640,,plafon rojo de 4,,SALIDA,1,,4/3/2026,rafa,TALLER CAJAS,montzay ,,
641,,valvula abs,,ENTRADA,1,1,4/3/2026,FRAGA ,TALLER TRACTOS,JESUS SOTO ,wh129,
642,,valvula abs,,SALIDA,1,0,4/3/2026,FRAGA ,TALLER TRACTOS,ALAN ,,
643,,valvula abs,,ENTRADA,1,1,4/3/2026,FRAGA ,TALLER TRACTOS,JESUS SOTO ,wh16,
644,,valvula abs,,SALIDA,1,0,4/3/2026,FRAGA ,TALLER TRACTOS,ALAN ,,
645,,aceite de motor ,,ENTRADA,3,3,4/3/2026,FRAGA ,TALLER TRACTOS,JESUS SOTO ,,
646,,aceite de motor ,,SALIDA,3,0,4/3/2026,ulises,TALLER TRACTOS,montzay ,,
647,,tornillo hex g5 5/16x3 1/2 completo ,,ENTRADA,2,2,4/3/2026,hector,TALLER TRACTOS,JESUS SOTO ,wh16,
648,,tornillo hex g5 5/16x3 1/2 completo ,,SALIDA,2,0,4/3/2026,ulises,TALLER TRACTOS,montzay ,,
649,,cinta aislante,,SALIDA,1,,4/3/2026,meny,TALLER CAJAS,montzay ,,
650,,kit de filtros ,,ENTRADA,1,1,4/3/2026,FRAGA ,TALLER TRACTOS,JESUS SOTO ,,
651,,kit de filtros ,,SALIDA,1,0,4/3/2026,hector,TALLER TRACTOS,montzay ,,
652,,maria ambar,,SALIDA,1,,4/3/2026,armando ,TALLER CAJAS,montzay ,,
653,,liquido para frenos ,,ENTRADA,4,4,4/3/2026,FRAGA ,TALLER TRACTOS,JESUS SOTO ,,
654,,liquido para frenos ,,SALIDA,4,0,4/3/2026,ulises,TALLER TRACTOS,montzay ,,
655,,bisagra wabash,,SALIDA,2,,4/3/2026,meny,TALLER CAJAS,montzay ,,
656,,tornillo de 1/2 con tuerca,,SALIDA,2,,4/3/2026,meny,TALLER CAJAS,montzay ,,
657,,tornillo de 3/8x2 con tuerca ,,SALIDA,10,,4/3/2026,meny,TALLER CAJAS,montzay ,,
658,,disco de corte de 4,,SALIDA,2,,4/3/2026,rafa,TALLER CAJAS,montzay ,,
659,,corbatas,,ENTRADA,100,100,4/3/2026,alejandro mora,,JESUS SOTO ,,
660,,corbatas,,SALIDA,100,0,4/3/2026,alejandro mora,,montzay ,,
661,,tapa roja de masa,,SALIDA,3,,4/3/2026,ulises,TALLER TRACTOS,ALAN ,,
662,,remachadora,,ENTRADA,1,1,4/3/2026,jaz,TALLER CAJAS,JESUS SOTO ,,
663,,remachadora,,SALIDA,1,0,4/3/2026,kevin,TALLER CAJAS,montzay ,,
664,,silicon negro ,,SALIDA,1,,5/3/2026,marcos,TALLER CAJAS,jaz,,
665,,silicon blanco ,,SALIDA,2,,5/3/2026,marcos,TALLER CAJAS,jaz,,
666,,soquetera ,,SALIDA,4,,5/3/2026,adrian,TALLER CAJAS,jaz,,
667,,silicon negro ,,SALIDA,1,,5/3/2026,bujanda,TALLER CAJAS,montzay ,,
668,,comprobante de movimientos,,SALIDA,1 block ,,5/3/2026,alejandro mora,,montzay ,,
669,,manguera para carga de aceite ,,ENTRADA,1,1,5/3/2026,FRAGA ,TALLER TRACTOS,JESUS SOTO ,,
670,,manguera para carga de aceite ,,SALIDA,1,0,5/3/2026,FRAGA ,TALLER TRACTOS,montzay ,,
671,,broca 9/32,,SALIDA,2,,5/3/2026,armando ,TALLER CAJAS,montzay ,,
672,,piso ,,ENTRADA,4,4,5/3/2026,jaz,TALLER CAJAS,JESUS SOTO ,,
673,,piso ,,SALIDA,4,0,5/3/2026,meny,TALLER CAJAS,montzay ,,
674,,disco de corte de 4,,SALIDA,2,,5/3/2026,jose,TALLER CAJAS,montzay ,,
675,,broca 9/32x12,,SALIDA,2,,5/3/2026,rafa,TALLER CAJAS,montzay ,,
676,,par de patines r195,,ENTRADA,1,1,5/3/2026,jaz,TALLER CAJAS,JESUS SOTO ,,
677,,par de patines r195,,SALIDA,1,0,5/3/2026,meny,TALLER CAJAS,montzay ,,
678,,remachadora ,,ENTRADA,2,2,5/3/2026,jaz,TALLER CAJAS,JESUS SOTO ,,
679,,remachadora ,,SALIDA,2,0,5/3/2026,meny,TALLER CAJAS,montzay ,,
680,,vavula wh67,,ENTRADA,1,1,5/3/2026,FRAGA ,TALLER TRACTOS,JESUS SOTO ,,
681,,valvula wh67,,SALIDA,1,0,5/3/2026,hector,TALLER TRACTOS,montzay ,,
682,,repuesto de secador wh67,,ENTRADA,1,1,5/3/2026,FRAGA ,TALLER TRACTOS,JESUS SOTO ,,
683,,repuesto de secador wh67,,SALIDA,1,0,5/3/2026,hector,TALLER TRACTOS,montzay ,,
683,,broca 9/32,,SALIDA,3,,5/3/2026,armando ,TALLER CAJAS,montzay ,,
683,,TORNILLO  5/8 x2 CON TUERCA ,,SALIDA,4,,5/3/2026,JOSE,TALLER CAJAS,montzay ,,
683,,SOLDADURA 6013,,SALIDA,"0,59",,5/3/2026,JOSE,TALLER CAJAS,montzay ,,
683,,PIEDRILLA ANTIDERRAME ,,ENTRADA,2,2,5/3/2026,KEVIN,TALLER CAJAS,JESUS SOTO ,,
683,,PIEDRILLA ANTIDERRAME ,,SALIDA,2,0,5/3/2026,MAURO,TALLER CAJAS,montzay ,,
683,,maria ambar ,,SALIDA,1,,5/3/2026,meny,TALLER CAJAS,montzay ,,
683,,conexion codo 3/8,,SALIDA,2,,5/3/2026,meny,TALLER CAJAS,montzay ,,
683,,maria ambar ,,SALIDA,1,,5/3/2026,jose,TALLER CAJAS,montzay ,,
683,,TORNILLO  5/8 x2 CON TUERCA ,,SALIDA,6,,6/3/2026,bujanda,TALLER CAJAS,montzay ,,
683,,broca 9/32x12,,SALIDA,1,,6/3/2026,jose,TALLER CAJAS,montzay ,,
683,,soldadura 7018,,SALIDA,2,,6/3/2026,bujanda,TALLER CAJAS,montzay ,,
683,,disco de corte de 4,,SALIDA,1,,6/3/2026,hector santos,TALLER TRACTOS,montzay ,,
684,,soporte de motor,,ENTRADA,2,2,6/3/2026,FRAGA ,TALLER TRACTOS,montzay ,,
685,,soporte de motor,,SALIDA,2,0,6/3/2026,FRAGA ,TALLER TRACTOS,montzay ,,
686,,rollo de cable calibre 12,,ENTRADA,1,1,6/3/2026,jaz,TALLER CAJAS,JESUS SOTO ,,
687,,rollo de cable calibre 12,,SALIDA,1,0,6/3/2026,meny,TALLER CAJAS,montzay ,,
688,,angulos ptr y solera,,ENTRADA,1,1,6/3/2026,meny,TALLER CAJAS,montzay ,,
689,,angulos ptr y solera,,SALIDA,1,0,6/3/2026,meny,TALLER CAJAS,montzay ,,
690,,kit de filtros,,ENTRADA,1,1,6/3/2026,FRAGA ,TALLER TRACTOS,montzay ,,
691,,kit de filtros,,SALIDA,1,0,6/3/2026,hector,TALLER TRACTOS,montzay ,,
692,,gomitas p cajas,,SALIDA,2,0,6/3/2026,meny,TALLER CAJAS,montzay ,,
693,,tornillo 1/4x6,,SALIDA,24,,6/3/2026,bujanda,TALLER CAJAS,montzay ,,
694,,tuerca 1/4x6,,SALIDA,23,,6/3/2026,bujanda,TALLER CAJAS,montzay ,,
695,,broca 9/32x12,,SALIDA,1,,6/3/2026,bujanda,TALLER CAJAS,montzay ,,
696,,amortiguadores wh512,,ENTRADA,2,2,6/3/2026,FRAGA ,TALLER TRACTOS,JESUS SOTO ,,
697,,amortiguadores wh512,,SALIDA,2,0,6/3/2026,FRAGA ,TALLER TRACTOS,montzay ,,
698,,empaque de carter ,,ENTRADA,1,1,6/3/2026,FRAGA ,TALLER TRACTOS,JESUS SOTO ,,
699,,empaque de carter ,,SALIDA,1,0,6/3/2026,FRAGA ,TALLER TRACTOS,montzay ,,
700,,empaque de lineas de diesel ,,ENTRADA,6,6,6/3/2026,FRAGA ,TALLER TRACTOS,JESUS SOTO ,,
701,,empaque de lineas de diesel ,,SALIDA,6,0,6/3/2026,FRAGA ,TALLER TRACTOS,montzay ,,
702,,lamina,,ENTRADA,1,1,6/3/2026,jaz,TALLER CAJAS,JESUS SOTO ,,
703,,lamina,,SALIDA,1,0,6/3/2026,armando ,TALLER CAJAS,montzay ,,
704,,disco de corte de 4,,SALIDA,3,,6/3/2026,jose,TALLER CAJAS,montzay ,,
705,,disco de corte de 4,,SALIDA,2,,6/3/2026,rafa,TALLER CAJAS,montzay ,,
706,,broca 9/32  ,,SALIDA,2,,6/3/2026,rafa,TALLER CAJAS,montzay ,,
707,,alarma de reversa,,SALIDA,1,,6/3/2026,redondo,TALLER TRACTOS,montzay ,,
708,,cubeta de aceite de motor wh140,,ENTRADA,3,3,6/3/2026,FRAGA ,TALLER TRACTOS,JESUS SOTO ,,
709,,cubeta de aceite de motor wh140,,SALIDA,3,0,6/3/2026,hector,TALLER TRACTOS,carlos menendez ,,
710,,soquetera y basuca wh125,,ENTRADA,2,2,6/3/2026,FRAGA ,TALLER TRACTOS,JESUS SOTO ,,
711,,soquetera y basuca wh125,,SALIDA,2,0,6/3/2026,hector,TALLER TRACTOS,carlos menendez ,,
712,,wipers del 125,,ENTRADA,2,2,6/3/2026,FRAGA ,TALLER TRACTOS,JESUS SOTO ,,
713,,wipers del 125,,SALIDA,2,0,6/3/2026,hector,TALLER TRACTOS,carlos menendez ,,
714,,cabeza de motor ,,ENTRADA,1,1,6/3/2026,FRAGA ,TALLER TRACTOS,JESUS SOTO ,wh51,
715,,cabeza de motor ,,SALIDA,1,0,6/3/2026,hector  ,TALLER TRACTOS,carlos menendez ,,
716,,disco de corte de 4,,SALIDA,2,,7/3/2026,armando ,taller cajas,montzay ,,
717,,soldadura de aluminio,,SALIDA,3 kilos,,7/3/2026,meny,TALLER CAJAS,montzay ,,
718,,amortiguador wh70,,SALIDA,1,,7/3/2026,FRAGA ,TALLER TRACTOS,montzay ,se entrego uno remision el nuestro esta en garantia,
719,,inspeccion de viaje,,SALIDA,6,,7/3/2026,angel valadez ,,montzay ,,
720,,remache 3/16,,SALIDA,1 bolsa,,7/3/2026,rafa,TALLER CAJAS,montzay ,,
721,,silicon blanco,,SALIDA,1,,7/3/2026,rafa,TALLER CAJAS,montzay ,,
722,,maria roja ,,SALIDA,1,,6/3/2026,taller de caja,TALLER CAJAS,jaz,r300,
723,,bisagra ,,SALIDA,2,,9/3/2026,jose ,TALLER CAJAS,jaz,,
724,,tornillo de 1/2 con tuerca ,,SALIDA,2,,9/3/2026,jose ,TALLER CAJAS,jaz,,
725,,tornillo de 3/8,,SALIDA,8,,9/3/2026,jose ,TALLER CAJAS,jaz,,
726,,maria roja ,,SALIDA,1,,9/3/2026,armando ,TALLER CAJAS,montzay ,,
727,,tornillo 3/8,,SALIDA,16,,9/3/2026,rafa,TALLER CAJAS,montzay ,,
728,,tuerca 3/8,,SALIDA,15,,9/3/2026,rafa,TALLER CAJAS,montzay ,,
729,,maria ambar ,,SALIDA,1,,9/3/2026,armando ,TALLER CAJAS,montzay ,,
730,,maria roja ,,SALIDA,1,,9/3/2026,armando ,TALLER CAJAS,montzay ,,
731,,manguera wh30,,ENTRADA,1,1,9/3/2026,FRAGA ,TALLER TRACTOS,JESUS SOTO ,,
732,,manguera wh30,,SALIDA,1,0,9/3/2026,ulises,TALLER TRACTOS,montzay ,,
733,,disco de corte de 4,,SALIDA,3,,9/3/2026,armando ,TALLER CAJAS,montzay ,,
734,,silicon negro ,,SALIDA,1,,9/3/2026,jose ,TALLER CAJAS,montzay ,,
735,,remache 3/16,,ENTRADA,20,20,9/3/2026,jaz,TALLER CAJAS,JESUS SOTO ,,
736,,remache 3/16,,SALIDA,2,18,9/3/2026,bujanda,TALLER CAJAS,montzay ,,
737,,conexion t 3/8,,SALIDA,1,,9/3/2026,bujanda,TALLER CAJAS,jaz,,
738,,silicon blanco,,SALIDA,1,,9/3/2026,bujanda,TALLER CAJAS,jaz,,
739,,cubeta de aceite de motor wh88,,ENTRADA,3,3,9/3/2026,FRAGA ,TALLER TRACTOS,JESUS SOTO ,,
740,,cubeta de aceite de motor wh88,,SALIDA,3,0,9/3/2026,ulises,TALLER TRACTOS,montzay ,,
741,,filtros wh88,,ENTRADA,1,1,9/3/2026,FRAGA ,TALLER TRACTOS,JESUS SOTO ,,
742,,filtros wh88,,SALIDA,1,1,9/3/2026,ulises,TALLER TRACTOS,montzay ,,
743,,tornillo 5/16 con tuerca,,SALIDA,8,,9/3/2026,armando ,TALLER CAJAS,montzay ,,
744,,pintura spray blanca,,SALIDA,1,,9/3/2026,armando ,TALLER CAJAS,montzay ,,
745,,maria transparente,,SALIDA,1,,9/3/2026,bujanda,TALLER CAJAS,montzay ,,
746,,flecha ,,ENTRADA,1,1,9/3/2026,FRAGA ,TALLER TRACTOS,JESUS SOTO ,,
747,,flecha ,,SALIDA,1,0,9/3/2026,hector  ,TALLER TRACTOS,montzay ,,
748,,broca 9/32x12,,SALIDA,2,,10/3/2026,bujanda,TALLER CAJAS,montzay ,,
749,,tornillo de 1/4x6 con tuerca,,ENTRADA,100,100,10/3/2026,bujanda,TALLER CAJAS,JESUS SOTO ,,
750,,tornillo de 1/4x6 con tuerca,,SALIDA,12,88,10/3/2026,bujanda,TALLER CAJAS,montzay ,,
751,,bitacora de cruce ,,SALIDA,150,,10/3/2026,alejandro mora,,montzay ,,
752,,comprobante de movimientos,,SALIDA,300,,10/3/2026,alejandro mora,,montzay ,,
753,,disco de corte de 4,,SALIDA,2,,10/3/2026,jose ,TALLER CAJAS,montzay ,,
754,,silicon negro ,,SALIDA,1,,10/3/2026,jose ,TALLER CAJAS,montzay ,,
755,,broca 9/32x12,,SALIDA,2,,10/3/2026,rafa,TALLER CAJAS,montzay ,,
756,,tornillo de 1/4x6 con tuerca,,SALIDA,26,,10/3/2026,rafa,TALLER CAJAS,montzay ,,
757,,CONEXION RAPIDA 1/4,,SALIDA,1,,10/3/2026,CARLOS ,TALLER TRACTOS,montzay ,,
758,,TAPITAS ROJAS DE MASA,,SALIDA,5,,10/3/2026,FRAGA ,TALLER TRACTOS,montzay ,,
759,,alarma de reversa,,SALIDA,1,,10/3/2026,FRAGA ,TALLER TRACTOS,montzay ,,
760,,remache 3/16,,SALIDA,2 BOLSA,,10/3/2026,armando ,TALLER CAJAS,montzay ,,
761,,CHIRRION,,SALIDA,1,,10/3/2026,DANIEL PALACIOS,CHOFER ,montzay ,,
762,,maria ambar ,,SALIDA,1,,10/3/2026,jose ,TALLER CAJAS,montzay ,,
763,,PARCHE XRP 10,,SALIDA,10,,10/3/2026,MAURO,TALLER CAJAS,KEVIN,,
764,,FILTRO FF5320,,ENTRADA,1,1,10/3/2026,FRAGA ,TALLER TRACTOS,JESUS SOTO ,,
765,,FILTRO FF5320,,SALIDA,1,0,10/3/2026,FRAGA ,TALLER TRACTOS,montzay ,,
766,,RODILLERA ,,ENTRADA,1,1,10/3/2026,KEVIN ,TALLER CAJAS,JESUS SOTO ,,
767,,RODILLERA ,,SALIDA,1,0,10/3/2026,KEVIN ,TALLER CAJAS,montzay ,,
768,,GUANTES,,ENTRADA,3,3,10/3/2026,KEVIN ,TALLER CAJAS,JESUS SOTO ,,
769,,GUANTES,,SALIDA,3,0,10/3/2026,KEVIN ,TALLER CAJAS,montzay ,,
770,,LENTES NEGROS ,,ENTRADA,3,3,10/3/2026,KEVIN ,TALLER CAJAS,JESUS SOTO ,,
771,,LENTES NEGROS ,,SALIDA,3,0,10/3/2026,KEVIN ,TALLER CAJAS,montzay ,,
772,,LENTES TRANSPARENTES,,ENTRADA,3,3,10/3/2026,KEVIN ,TALLER CAJAS,JESUS SOTO ,,
773,,LENTES TRANSPARENTES,,SALIDA,3,0,10/3/2026,KEVIN ,TALLER CAJAS,montzay ,,
774,,filtro ff5320,,ENTRADA,1,1,10/3/2026,FRAGA ,TALLER TRACTOS,JESUS SOTO ,,
775,,FILTRO FF5320,,SALIDA,1,0,10/3/2026,FRAGA ,TALLER TRACTOS,montzay ,,
776,,wipers wh513,,ENTRADA,2,2,10/3/2026,FRAGA ,TALLER TRACTOS,JESUS SOTO ,,
777,,wipers wh513,,SALIDA,2,0,10/3/2026,hector  ,TALLER TRACTOS,montzay ,,
778,,alarma de reversa,,ENTRADA,3,3,10/3/2026,FRAGA ,TALLER TRACTOS,JESUS SOTO ,,
779,,alarma de reversa,,SALIDA,3,0,10/3/2026,hector  ,TALLER TRACTOS,montzay ,,
780,,swith de llave wh72,,ENTRADA,1,1,10/3/2026,FRAGA ,TALLER TRACTOS,JESUS SOTO ,,
781,,swith de llave wh72,,SALIDA,1,1,10/3/2026,hector  ,TALLER TRACTOS,montzay ,,
782,,mancuernas ,,ENTRADA,6,6,10/3/2026,FRAGA ,TALLER TRACTOS,JESUS SOTO ,,
783,,mancuernas ,,SALIDA,6,0,10/3/2026,hector  ,TALLER TRACTOS,montzay ,,
784,,TAPITAS ROJAS DE MASA,,ENTRADA,10,10,10/3/2026,FRAGA ,TALLER TRACTOS,JESUS SOTO ,,
785,,TAPITAS ROJAS DE MASA,,SALIDA,10,0,10/3/2026,hector  ,TALLER TRACTOS,montzay ,,
786,,filtro del compresor,,ENTRADA,1,1,10/3/2026,FRAGA ,TALLER TRACTOS,JESUS SOTO ,,
787,,filtro del compresor,,SALIDA,1,0,10/3/2026,carlos menendez,TALLER TRACTOS,montzay ,,
788,,valvula a097,,ENTRADA,1,1,10/3/2026,meny ,TALLER CAJAS,JESUS SOTO ,,
789,,valvula a097,,SALIDA,1,0,10/3/2026,meny ,TALLER CAJAS,montzay ,,
790,,plafon rojo,,SALIDA,1,,10/3/2026,meny ,TALLER CAJAS,montzay ,,
791,,maria ambar ,,SALIDA,1,,10/3/2026,meny ,TALLER CAJAS,montzay ,,
792,,tornillo 5/16 con tuerca,,SALIDA,8,,10/3/2026,armando,TALLER CAJAS,montzay ,,
793,,remache 3/16,,SALIDA,1 bolsa,,10/3/2026,jose ,TALLER CAJAS,montzay ,,
794,,resorte wh159,,ENTRADA,1,1,10/3/2026,FRAGA ,TALLER TRACTOS,JESUS SOTO ,,
795,,resorte wh159,,SALIDA,1,0,10/3/2026,FRAGA ,TALLER TRACTOS,montzay ,,
796,,bolsa de cabina wh26,,ENTRADA,2,2,10/3/2026,FRAGA ,TALLER TRACTOS,JESUS SOTO ,,
797,,bolsa de cabina wh26,,SALIDA,2,0,10/3/2026,FRAGA ,TALLER TRACTOS,montzay ,,
798,,amortiguadores de cabina wh26,,ENTRADA,2,2,10/3/2026,FRAGA ,TALLER TRACTOS,JESUS SOTO ,,
799,,amortiguadores de cabina wh26,,SALIDA,2,0,10/3/2026,FRAGA ,TALLER TRACTOS,montzay ,,
800,,filtro y repuesto secador wh89,,ENTRADA,1,1,10/3/2026,FRAGA ,TALLER TRACTOS,JESUS SOTO ,,
801,,filtro y repuesto secador wh89,,SALIDA,1,0,10/3/2026,FRAGA ,TALLER TRACTOS,montzay ,,
802,,valvula aire wh26,,ENTRADA,1,1,10/3/2026,FRAGA ,TALLER TRACTOS,JESUS SOTO ,,
803,,valvula aire wh26,,SALIDA,1,0,10/3/2026,FRAGA ,TALLER TRACTOS,montzay ,,
804,,bomba de agua wh142,,ENTRADA,1,1,10/3/2026,FRAGA ,TALLER TRACTOS,JESUS SOTO ,,
805,,bomba de agua wh142,,SALIDA,1,0,10/3/2026,FRAGA ,TALLER TRACTOS,montzay ,,
806,,remache 3/16,,SALIDA,2,,11/3/2026,armando,TALLER CAJAS,montzay ,,
807,,tornillo de 1/2 con tuerca,,SALIDA,1,,11/3/2026,armando,TALLER CAJAS,montzay ,,
808,,tornillo de 1/4x6 con tuerca,,SALIDA,1,,11/3/2026,armando,TALLER CAJAS,montzay ,,
809,,8 KITS DE TERMOKING,EL PASO ,ENTRADA,8,8,11/3/2026,JAZ,TALLER CAJAS,JESUS SOTO ,,
810,,18 KITS DE CARRIER,EL PASO ,ENTRADA,18,18,11/3/2026,JAZ,TALLER CAJAS,JESUS SOTO ,,
811,,4 BOYAS DE GAS,EL PASO ,ENTRADA,4,4,11/3/2026,JAZ,TALLER CAJAS,JESUS SOTO ,,
812,,11 FILTROS DE DIESEL,EL PASO ,ENTRADA,11,11,11/3/2026,JAZ,TALLER CAJAS,JESUS SOTO ,,
813,,2 FILTROS AIRE CARRIER,EL PASO ,ENTRADA,2,2,11/3/2026,JAZ,TALLER CAJAS,JESUS SOTO ,,
814,,1 CUBETA ANTICONGELANTE,CADISA,ENTRADA,1,1,11/3/2026,JAZ,TALLER CAJAS,JESUS SOTO ,,
815,,1 CUBETA ACEITE HIDRAULICO ,CADISA,ENTRADA,1,1,11/3/2026,JAZ,TALLER CAJAS,JESUS SOTO ,,
816,,KIT DE TERMOKING,,SALIDA,2,6,11/3/2026,EDUARDO,TALLER CAJAS,montzay ,,
817,,KIT DE CARRIER ,,SALIDA,1,17,11/3/2026,EDUARDO,TALLER CAJAS,montzay ,,
818,,disco de corte de 7,,SALIDA,1,,11/3/2026,francisco,TALLER CAJAS,montzay ,,
819,,aceite de motor ,,ENTRADA,3,3,11/3/2026,FRAGA ,TALLER TRACTOS,montzay ,,
820,,aceite de motor ,,SALIDA,3,0,11/3/2026,hector ,TALLER TRACTOS,montzay ,,
821,,filtro wh115,,ENTRADA,1,1,11/3/2026,FRAGA ,TALLER TRACTOS,montzay ,,
822,,filtro wh115,,SALIDA,1,1,11/3/2026,hector ,TALLER TRACTOS,montzay ,,
823,,tornillos de piso ,,ENTRADA,1,1,11/3/2026,jaz,TALLER CAJAS,JESUS SOTO ,,
824,,tornillos de piso ,,SALIDA,1,0,11/3/2026,meny ,TALLER CAJAS,montzay ,,
825,,aceite de motor ,,ENTRADA,3,3,11/3/2026,jaz,TALLER CAJAS,montzay ,,
826,,aceite de motor ,,SALIDA,3,0,11/3/2026,EDUARDO,TALLER CAJAS,montzay ,,
827,,empaque de 1/2,,SALIDA,1,,11/3/2026,armando,TALLER CAJAS,montzay ,,
828,,disco de corte de 4,,SALIDA,2,,11/3/2026,jose ,TALLER CAJAS,montzay ,,
829,,boya de gas,,SALIDA,1,,11/3/2026,EDUARDO,TALLER CAJAS,montzay ,,
830,,conexcion rapida 1/4,,SALIDA,1,,11/3/2026,carlos ,TALLER TRACTOS,montzay ,,
831,,cinta reflejante,,SALIDA,10 pies,,11/3/2026,meny,TALLER CAJAS,montzay ,,
832,,balero colgante ,,ENTRADA,2,2,11/3/2026,FRAGA ,TALLER TRACTOS,montzay ,,
833,,balero colgante ,,SALIDA,2,0,11/3/2026,ulises ,TALLER TRACTOS,montzay ,,
834,,abanico ,,ENTRADA,1,1,11/3/2026,FRAGA ,TALLER TRACTOS,montzay ,,
835,,abanico ,,SALIDA,1,0,11/3/2026,FRAGA ,TALLER TRACTOS,montzay ,,
836,,conexion de rosca,,SALIDA,5,,11/3/2026,FRAGA ,TALLER TRACTOS,montzay ,,
837,,remache 3/16,,SALIDA,2 bolsas,,11/3/2026,rafa,TALLER CAJAS,montzay ,,
838,,maria ambar ,,SALIDA,1,,11/3/2026,armando,TALLER CAJAS,montzay ,,
839,,conexion rapida 1/4,,SALIDA,1,,11/3/2026,ulises ,TALLER TRACTOS,montzay ,,
840,,tapa de masa,,SALIDA,1,,11/3/2026,ulises ,TALLER TRACTOS,montzay ,,
841,,tornillos wh88,,ENTRADA,2,2,11/3/2026,ulises ,TALLER TRACTOS,montzay ,,
842,,tornillos wh88,,SALIDA,2,0,11/3/2026,ulises ,TALLER TRACTOS,montzay ,,
843,,soldadura 7018,,SALIDA,"2,54",,11/3/2026,rafa,TALLER CAJAS,montzay ,,
844,,soldadura 6013,,SALIDA,1kilo,,11/3/2026,rafa,TALLER CAJAS,montzay ,,
845,,bitacora local,,SALIDA,2,,11/3/2026,rosendo ,,montzay ,,
846,,balero,,ENTRADA,2,2,11/3/2026,FRAGA ,TALLER TRACTOS,montzay ,,
847,,balero  ,,SALIDA,2,0,11/3/2026,carlos menendez,TALLER TRACTOS,montzay ,,
848,,repuesto de secador ,,ENTRADA,1,1,11/3/2026,FRAGA ,TALLER TRACTOS,montzay ,,
849,,repuesto de secador ,,SALIDA,1,0,11/3/2026,carlos menendez,TALLER TRACTOS,montzay ,,
850,,tapa de masa,,ENTRADA,3,3,11/3/2026,FRAGA ,TALLER TRACTOS,montzay ,,
851,,tapa de masa,,SALIDA,3,0,11/3/2026,FRAGA ,TALLER TRACTOS,montzay ,,
852,,cinta aislante,,SALIDA,4,,11/3/2026,FRAGA ,TALLER TRACTOS,montzay ,,
853,,remache 3/16,,SALIDA,2,,12/3/2026,bujanda,TALLER CAJAS,kevin,,
854,,disco de corte de 4,,SALIDA,3,,12/3/2026,bujanda,TALLER CAJAS,kevin,,
855,,conexcion codo 3/8 a 1/4,,SALIDA,1,,12/3/2026,meny ,TALLER CAJAS,montzay ,,
856,,maria transparente,,SALIDA,1,,12/3/2026,meny ,TALLER CAJAS,montzay ,,
857,,conexiones ,,SALIDA,2,0,12/3/2026,FRAGA ,TALLER TRACTOS,montzay ,se trajeron del paso ,
858,,3 cancelacion de tanques,,SALIDA,3,0,12/3/2026,FRAGA ,TALLER TRACTOS,montzay ,se trajeron del paso ,
859,,manguera wh148,,ENTRADA,1,1,12/3/2026,FRAGA ,TALLER TRACTOS,JESUS SOTO ,,
860,,manguera wh148,,SALIDA,1,0,12/3/2026,FRAGA ,TALLER TRACTOS,montzay ,,
861,,pintura spray negro,,SALIDA,1,,12/3/2026,jose ,TALLER CAJAS,montzay ,,
862,,remache 3/16,,SALIDA,1,,12/3/2026,jose ,TALLER CAJAS,montzay ,,
863,,cinta reflejante,,SALIDA,1 rollo,,12/3/2026,meny ,TALLER CAJAS,montzay ,,
864,,conexion rapida 1/4,,SALIDA,1,,12/3/2026,meny ,TALLER CAJAS,montzay ,,
865,,tornillo 3/8 con tuerca,,SALIDA,12,,12/3/2026,rafa,TALLER CAJAS,montzay ,,
866,,maria roja,,SALIDA,1,,12/3/2026,rafa,TALLER CAJAS,montzay ,,
867,,aceite de motor ,,ENTRADA,3,3,12/3/2026,FRAGA ,TALLER TRACTOS,,,
868,,aceite de motor ,,SALIDA,3,0,12/3/2026,carlos menendez,TALLER TRACTOS,montzay ,,
869,,filtros wh147,,ENTRADA,1,1,12/3/2026,FRAGA ,TALLER TRACTOS,,,
870,,filtros wh147,,SALIDA,1,0,12/3/2026,carlos menendez,TALLER TRACTOS,montzay ,,
871,,manguera wh16,,ENTRADA,1,1,12/3/2026,FRAGA ,TALLER TRACTOS,,,
872,,manguera wh16,,SALIDA,1,0,12/3/2026,calos menendez,TALLER TRACTOS,montzay ,,
873,,resortes ,,ENTRADA,,,12/3/2026,FRAGA ,TALLER TRACTOS,,,
874,,resortes ,,SALIDA,,,12/3/2026,carlos menendez,TALLER TRACTOS,montzay ,,
875,,conexiones p manguera de servicio,,ENTRADA,,,12/3/2026,fraga ,TALLER TRACTOS,,,
876,,conexiones p manguera de servicio,,SALIDA,,,12/3/2026,carlos menendez,TALLER TRACTOS,montzay ,,
877,,parche xrp 10,,SALIDA,5,,12/3/2026,carlos,TALLER TRACTOS,montzay ,,
878,,remache 3/16,,SALIDA,3,,12/3/2026,rafa,TALLER CAJAS,montzay ,,
879,,chaleco naranja brigadista,,ENTRADA,5,5,12/3/2026,alejandro mora,,,,
880,,chaleco naranja brigadista,,SALIDA,2,3,12/3/2026,alejandro mora,,montzay ,,
881,,reten,,ENTRADA,1,1,12/3/2026,FRAGA ,TALLER TRACTOS,,,
882,,reten ,,SALIDA,1,0,12/3/2026,FRAGA ,TALLER TRACTOS,montzay ,,
883,,silicon blanco,,SALIDA,1,,13/3/2026,jose ,TALLER CAJAS,montzay ,,
884,,remache 3/16,,SALIDA,3,,13/3/2026,rafa,TALLER CAJAS,montzay ,,
885,,remache 3/16,,SALIDA,1,,13/3/2026,bujanda,TALLER CAJAS,montzay ,,
886,,bisagra wabash,,SALIDA,1,,13/3/2026,bujanda,TALLER CAJAS,montzay ,,
887,,tornillo 5/16 con tuerca,,SALIDA,4,,13/3/2026,bujanda,TALLER CAJAS,montzay ,,
888,,silicon blanco,,SALIDA,1,,13/3/2026,bujanda,TALLER CAJAS,montzay ,,
889,,tornillo de 1/2 con tuerca,,SALIDA,1,,13/3/2026,bujanda,TALLER CAJAS,montzay ,,
890,,disco de corte de 4,,SALIDA,1,,13/3/2026,bujanda,TALLER CAJAS,montzay ,,
891,,disco de corte de 4,,SALIDA,2,,13/3/2026,lizardo ,TALLER CAJAS,montzay ,,
892,,kit de filtros carrier,,SALIDA,1,,13/3/2026,eduardo ,TALLER CAJAS,montzay ,,
893,,silicon blanco,,SALIDA,1,,13/3/2026,rafa,TALLER CAJAS,montzay ,,
894,,tornillo 1/4 con tuerca ,,SALIDA,8,,13/3/2026,rafa,TALLER CAJAS,montzay ,,
895,,bisagra r300,,ENTRADA,5,5,13/3/2026,jaz,TALLER CAJAS,JESUS SOTO ,,
896,,bisagra r300,,SALIDA,5,0,13/3/2026,meny ,TALLER CAJAS,montzay ,,
897,,remache 3/16,,SALIDA,1,,13/3/2026,jose ,TALLER CAJAS,montzay ,,
898,,remache 3/16,,SALIDA,1,,13/3/2026,bujanda,TALLER CAJAS,montzay ,,
899,,caja de trapos,,SALIDA,1,0,13/3/2026,meny ,TALLER CAJAS,montzay ,,
900,,soldadura 6013,,SALIDA,2.37 kilos,,13/3/2026,rafa,TALLER CAJAS,montzay ,,
901,,remache 3/16,,SALIDA,2,,13/3/2026,rafa,TALLER CAJAS,montzay ,,
902,,def,,ENTRADA,2,2,13/3/2026,FRAGA ,TALLER TRACTOS,JESUS SOTO ,,
903,,def,,SALIDA,2,0,13/3/2026,FRAGA ,TALLER TRACTOS,montzay ,,
904,,soldadura de aluminio,,SALIDA,2,3,13/3/2026,bujanda,TALLER CAJAS,montzay ,,
905,,remache 3/16,,SALIDA,1,,13/3/2026,jose ,TALLER CAJAS,montzay ,,
906,,wipers wh197,,ENTRADA,2,2,13/3/2026,FRAGA ,TALLER TRACTOS,JESUS SOTO ,,
907,,wipers wh197,,SALIDA,2,0,13/3/2026,hector ,TALLER TRACTOS,montzay ,,
908,,amortiguadores delanteros wh139,,ENTRADA,2,2,13/3/2026,FRAGA ,TALLER TRACTOS,JESUS SOTO ,,
909,,amortiguadores delanteros wh139,,SALIDA,2,0,13/3/2026,hector ,TALLER TRACTOS,montzay ,,
910,,banda wh142,,ENTRADA,2,2,13/3/2026,FRAGA ,TALLER TRACTOS,JESUS SOTO ,,
911,,banda wh142,,SALIDA,2,0,13/3/2026,hector ,TALLER TRACTOS,montzay ,,
912,,selenoide,,SALIDA,1,,13/3/2026,eduardo ,TALLER CAJAS,montzay ,,
913,,maria transparente,,SALIDA,1,,13/3/2026,meny ,TALLER CAJAS,montzay ,,
914,,kit de filtros wh136,,ENTRADA,1,1,13/3/2026,FRAGA ,TALLER TRACTOS,JESUS SOTO ,,
915,,kit de filtro wh136,,SALIDA,1,0,13/3/2026,hector ,TALLER TRACTOS,montzay ,,
916,,kit de filtros wh184,,ENTRADA,1,1,13/3/2026,FRAGA ,TALLER TRACTOS,JESUS SOTO ,,
917,,kit de filtros wh184,,SALIDA,1,0,13/3/2026,hector ,TALLER TRACTOS,montzay ,,
918,,filtros wh197,,ENTRADA,1,1,13/3/2026,FRAGA ,TALLER TRACTOS,JESUS SOTO ,,
919,,filtros wh197,,SALIDA,1,0,13/3/2026,hector ,TALLER TRACTOS,montzay ,,
920,,maria roja,,SALIDA,1,,13/3/2026,rafa,TALLER CAJAS,montzay ,,
921,,tornillo 5/8 con tuerca,,SALIDA,4,,14/3/2026,armando ,TALLER CAJAS,montzay ,,
922,,bomba de agua 305,,ENTRADA,1,1,14/3/2026,jaz,TALLER CAJAS,JESUS SOTO ,,
923,,bomba de agua 305,,SALIDA,1,0,14/3/2026,eduardo ,TALLER CAJAS,montzay ,,
924,,bandas 345,,ENTRADA,1,1,14/3/2026,jaz,TALLER CAJAS,JESUS SOTO ,,
925,,bandas 345,,SALIDA,1,0,14/3/2026,eduardo ,TALLER CAJAS,montzay ,,
926,,remache 3/16,,SALIDA,2,,14/3/2026,rafa,TALLER CAJAS,montzay ,,
927,,remache 3/16,,SALIDA,1,,14/3/2026,jose ,TALLER CAJAS,montzay ,,
928,,chirrion,,SALIDA,1,,14/3/2026,hector ,TALLER TRACTOS,montzay ,para wh116,
929,,kit de filtros carrier,,SALIDA,1,,14/3/2026,eduardo ,TALLER CAJAS,montzay ,,
930,,selenoide,,SALIDA,1,,14/3/2026,eduardo ,TALLER CAJAS,montzay ,cr1024,
931,,remache 3/16,,SALIDA,3,,14/3/2026,jose ,TALLER CAJAS,montzay ,,
932,,tornillo 5/8 con tuerca,,SALIDA,4,,14/3/2026,armando ,TALLER CAJAS,montzay ,,
933,,linner,,ENTRADA,10,10,14/3/2026,jaz,TALLER CAJAS,JESUS SOTO ,,
934,,linner,,SALIDA,10,0,14/3/2026,armando ,TALLER CAJAS,montzay ,,
935,,cadenas,,ENTRADA,2,2,14/3/2026,alejandro mora,,JESUS SOTO ,,
936,,cadenas,,SALIDA,2,0,14/3/2026,alejandro mora,,montzay ,,
937,,aceite de motor mobil,,ENTRADA,9,9,14/3/2026,FRAGA ,TALLER TRACTOS,JESUS SOTO ,wh197 wh136 wh184,
938,,aceite de motor mobil,,SALIDA,9,0,14/3/2026,hector ,TALLER TRACTOS,montzay ,,
939,,soquetera,,SALIDA,1,,14/3/2026,lizardo ,TALLER CAJAS,montzay ,,
940,,tornillo 5/8 con tuerca,,SALIDA,4,,14/3/2026,lizardo ,TALLER CAJAS,montzay ,,
941,,tornillo 5/16 con tuerca,,SALIDA,4,,14/3/2026,lizardo ,TALLER CAJAS,montzay ,,
942,,tapa de masa,,ENTRADA,2,2,14/3/2026,FRAGA ,TALLER TRACTOS,JESUS SOTO ,,
943,,tapa de masa,,SALIDA,2,0,14/3/2026,hector ,TALLER TRACTOS,montzay ,,
944,,chirrion,,SALIDA,1,,16/3/2026,FRAGA ,TALLER TRACTOS,montzay ,,
945,,rotachamber ,,ENTRADA,1,1,16/3/2026,FRAGA ,TALLER TRACTOS,JESUS SOTO ,,
946,,rotachamber ,,SALIDA,1,0,16/3/2026,FRAGA ,TALLER TRACTOS,montzay ,,
947,,hembra chica,,SALIDA,1,,16/3/2026,FRAGA ,TALLER TRACTOS,montzay ,,
948,,soporte de motor ,,ENTRADA,2,2,16/3/2026,FRAGA ,TALLER TRACTOS,JESUS SOTO ,se trajeron del paso ,
949,,soporte de motor ,,SALIDA,2,0,16/3/2026,FRAGA ,TALLER TRACTOS,montzay ,,
950,,bitacora local,,SALIDA,2 block,,16/3/2026,rosendo,,montzay ,,
951,,tornillo de 3/8,,SALIDA,12,,17/3/2026,jose ,,montzay ,r300,
952,,tornillo de 5/16 con tuerca,,SALIDA,6,,17/3/2026,jose ,,montzay ,r300,
953,,broca gps,,SALIDA,2,,17/3/2026,mauro,,montzay ,,
954,,coladores,,SALIDA,5,,17/3/2026,lizardo ,,montzay ,,
955,,broca de 3/8,,SALIDA,,,17/3/2026,jose ,,montzay ,,
956,,,,SALIDA,,,17/3/2026,,,,,
957,,,,SALIDA,,,17/3/2026,,,,,
958,,,,,,,17/3/2026,,,,,
959,,,,,,,17/3/2026,,,,,
960,,,,,,,17/3/2026,,,,,
961,,,,,,,17/3/2026,,,,,
962,,,,,,,17/3/2026,,,,,
963,,,,,,,17/3/2026,,,,,
964,,,,,,,17/3/2026,,,,,
965,,,,,,,17/3/2026,,,,,
966,,,,,,,17/3/2026,,,,,
967,,,,,,,17/3/2026,,,,,
968,,,,,,,17/3/2026,,,,,
969,,maria roja,,SALIDA,4,,24-mar,mauro,taller cajas,jaz,,
970,,maria naranja,,SALIDA,4,,24-mar,mauro,taller cajas,jaz,,
971,,hembra de pin,,SALIDA,1,,24-mar,mauro,taller cajas,jaz,,
972,, plafon ,,SALIDA,3,,24-mar,mauro,taller cajas,jaz,,
973,,parches ,,SALIDA,5,,24-mar,mauro,taller cajas,jaz,,
974,,direccional ambar ,,SALIDA,2,,24-mar,mauro,taller cajas,jaz,,
975,,maria transparente,,SALIDA,1,,24-mar,armando ,taller cajas,montzay ,,
976,,silicon blanco,,SALIDA,1,,24-mar,bujanda,taller cajas,montzay ,,
977,,remache 3/16,,SALIDA,3,,24-mar,bujanda,taller cajas,montzay ,,
978,,spray negro,,SALIDA,1,,24-mar,bujanda,taller cajas,montzay ,,
979,,broca 9/32,,SALIDA,4,,24-mar,jose ,taller cajas,montzay ,,
980,,silicon negro,,SALIDA,2,,24-mar,jose ,taller cajas,montzay ,,
981,,plafon rojo,,SALIDA,2,,24-mar,eduardo ,taller cajas,montzay ,,
982,,boya de gas,,SALIDA,1,,24-mar,eduardo ,taller cajas,montzay ,,
983,,hembra grande,,SALIDA,1,,24-mar,francisco,taller cajas,montzay ,,
984,,punta tor,,SALIDA,1,,24-mar,jose ,taller cajas,montzay ,,
985,,chirrion,,SALIDA,1,,24-mar,esteban rendon,taller cajas,montzay ,,
986,,remache 3/16,,SALIDA,2,,24-mar,rafa,taller cajas,montzay ,,
987,,desengrasante,,SALIDA,1,,24-mar,eduardo ,taller cajas,montzay ,,
988,,bitacora cruce,,SALIDA,200,,24-mar,victor,taller cajas,montzay ,,
989,,comprobante de movimientos,,SALIDA,250,,24-mar,victor,taller cajas,montzay ,,
990,,silicon negro,,SALIDA,1,,24-mar,armando ,taller cajas,montzay ,,
991,,soldadura 7018,,SALIDA,"2,07",,24-mar,francisco,taller cajas,montzay ,,
992,,soldadura 6013,,SALIDA,"2,01",,24-mar,francisco,taller cajas,montzay ,,
993,,boya de gas,,SALIDA,1,,24-mar,eduardo ,,montzay ,,
994,,remaches 3/16,,SALIDA,3,,24-mar,lizardo ,,montzay ,,
995,,tornillo 1/4 con tuerca,,SALIDA,6,,24-mar,lizardo ,,montzay ,,
996,,deposito de agua wh165,,ENTRADA,1,1,24-mar,hector ,TALLER TRACTOS,JESUS SOTO ,,
997,,deposito de agua wh165,,SALIDA,1,0,24-mar,hector ,TALLER TRACTOS,montzay ,,
998,,maria roja,,SALIDA,4,,24-mar,adrian ,TALLER CAJAS,kevin ,,
999,,maria transparente,,SALIDA,2,,24-mar,adrian ,TALLER CAJAS,kevin ,,
1000,,cinta aislante,,SALIDA,1,,24-mar,adrian ,TALLER CAJAS,kevin ,,
1001,,parche xrp10,,SALIDA,6,,24-mar,adrian ,TALLER CAJAS,kevin ,,
1002,,tornillo 1/4 con tuerca,,SALIDA,6,,24-mar,bujanda,TALLER CAJAS,kevin ,,
1003,,silicon negro ,,SALIDA,1,,24-mar,bujanda,TALLER CAJAS,kevin ,,
1004,,remache 3/16,,SALIDA,10,,24-mar,jose ,TALLER CAJAS,kevin ,,
1005,,silicon blanco,,SALIDA,3,,24-mar,jose ,TALLER CAJAS,kevin ,,
1006,,brocas 9/16,,SALIDA,2,,24-mar,jose ,TALLER CAJAS,kevin ,,
1007,,empaque 3/4,,SALIDA,1,,24-mar,armando ,TALLER CAJAS,kevin ,,
1008,,manitas de servicio azul y roja,,SALIDA,1,,25-mar,adrian ,TALLER CAJAS,montzay ,,
1009,,tornillo 5/16 con tuerca,,SALIDA,6,,25-mar,bujanda,TALLER CAJAS,montzay ,,
1010,,broca 5/16x12,,SALIDA,1,,25-mar,bujanda,TALLER CAJAS,montzay ,,
1011,,direccional ambar ,,SALIDA,2,,25-mar,armando ,TALLER CAJAS,montzay ,,
1012,,cinta aislante,,SALIDA,2,,25-mar,armando ,TALLER CAJAS,montzay ,,
1013,,silicon blanco,,SALIDA,2,,25-mar,rafa,TALLER CAJAS,montzay ,,
1014,,remaches 3/16,,SALIDA,5,,25-mar,rafa,TALLER CAJAS,montzay ,,
1015,,tornillo 1/4 con tuerca,,SALIDA,12,,25-mar,rafa,TALLER CAJAS,montzay ,,
1016,,spray negro,,SALIDA,1,,25-mar,armando ,TALLER CAJAS,montzay ,,
1017,,1 kit de termoking,,SALIDA,1,,25-mar,eduardo ,TALLER CAJAS,montzay ,,
1018,,remaches 3/16,,SALIDA,3,,25-mar,jose ,TALLER CAJAS,montzay ,,
1019,,broca para gps,,SALIDA,1,,25-mar,lizardo ,TALLER CAJAS,montzay ,,
1020,,abrazaderas wh54,,ENTRADA,4,4,25-mar,FRAGA ,TALLER TRACTOS,JESUS SOTO ,,
1021,,abrazaderas wh54,,SALIDA,4,0,25-mar,FRAGA ,TALLER TRACTOS,montzay ,,
1022,,silicon blanco,,SALIDA,1,,25-mar,jose ,TALLER CAJAS,montzay ,,
1023,,maria ambar,,SALIDA,1,,25-mar,jose ,TALLER CAJAS,montzay ,,
1024,,disco de corte de 4,,SALIDA,2,,25-mar,lizardo ,TALLER CAJAS,montzay ,,
1025,,boya de gas,,SALIDA,1,,25-mar,eduardo ,TALLER CAJAS,montzay ,,
1026,,rotachamber ,,SALIDA,1,,25-mar,francisco,TALLER CAJAS,montzay ,,
1027,,gomita,,SALIDA,1,,25-mar,jose ,TALLER CAJAS,montzay ,,
1028,,remaches 3/16,,SALIDA,3,,25-mar,lizardo ,TALLER CAJAS,montzay ,,
1029,,disco de corte de 4,,SALIDA,1,,25-mar,lizardo ,TALLER CAJAS,montzay ,,
1030,,bolsa,,SALIDA,1,,25-mar,armando ,TALLER CAJAS,montzay ,se cambio por garantia ,
1031,,soqueteras,,ENTRADA,10,10,26-mar,jaz,TALLER CAJAS,JESUS SOTO ,,
1032,,soqueteras,,SALIDA,2,8,26-mar,mauro,TALLER CAJAS,montzay ,,
1033,,direccional ambar ,,SALIDA,1,,26-mar,jose ,TALLER CAJAS,montzay ,,
1034,,cinta aislante,,SALIDA,1,,26-mar,jose ,TALLER CAJAS,montzay ,,
1035,,baterias ,,entrada,3,3,26-mar,FRAGA ,TALLER TRACTOS,JESUS SOTO ,se compraron en el paso ,
1036,,baterias ,,SALIDA,3,0,26-mar,hector ,TALLER TRACTOS,montzay ,,
1037,,compresor para dr308,,ENTRADA,1,1,26-mar,jaz,TALLER CAJAS,JESUS SOTO ,se compro en el paso ,
1038,,compresor para dr308,,SALIDA,1,0,26-mar,eduardo ,TALLER CAJAS,montzay ,,
1039,,tapon para wr324,,entrada,1,1,26-mar,jaz,TALLER CAJAS,JESUS SOTO ,se compro en el paso ,
1040,,tapon para wr324,,SALIDA,1,0,26-mar,eduardo ,TALLER CAJAS,montzay ,,
1041,,silicon blanco,,SALIDA,1,,26-mar,bujanda,TALLER CAJAS,montzay ,,
1042,,remaches 3/16,,SALIDA,3,,26-mar,bujanda,TALLER CAJAS,montzay ,,
1043,,tornillo 1/4 con tuerca,,SALIDA,8,,26-mar,bujanda,TALLER CAJAS,montzay ,,
1044,,kit de martillo taladro/atornillador de impacto,,entrada,1,1,26-mar,jaz,TALLER CAJAS,JESUS SOTO ,se compro en el paso ,
1045,,kit de martillo taladro/atornillador de impacto,,SALIDA,1,0,26-mar,rafa,TALLER CAJAS,montzay ,,
1046,,silicon blanco,,SALIDA,1,,26-mar,lizardo ,TALLER CAJAS,montzay ,,
1047,,remaches 3/16,,SALIDA,3,,26-mar,lizardo ,TALLER CAJAS,montzay ,,
1048,,gasket ,,entrada,4,4,26-mar,FRAGA ,TALLER TRACTOS,JESUS SOTO ,,
1049,,gasket ,,SALIDA,4,0,26-mar,carlos ,TALLER TRACTOS,montzay ,,
1050,,foco de neblina wh115,,entrada,1,1,26-mar,FRAGA ,TALLER TRACTOS,JESUS SOTO ,,
1051,,foco de neblina wh115,,SALIDA,1,0,26-mar,carlos ,TALLER TRACTOS,montzay ,,
1052,,foco de neblina wh70,,entrada,1,1,26-mar,FRAGA ,TALLER TRACTOS,JESUS SOTO ,,
1053,,foco de neblina wh70,,SALIDA,1,0,26-mar,carlos ,TALLER TRACTOS,montzay ,,
1054,,reten ,,entrada,1,1,26-mar,FRAGA ,TALLER TRACTOS,JESUS SOTO ,,
1055,,reten ,,SALIDA,1,0,26-mar,carlos ,TALLER TRACTOS,montzay ,,
1056,,pulmon,,entrada,1,1,26-mar,FRAGA ,TALLER TRACTOS,JESUS SOTO ,,
1057,,pulmon,,SALIDA,1,0,26-mar,carlos ,TALLER TRACTOS,montzay ,,
1058,,maria ambar,,SALIDA,2,,26-mar,rafa,TALLER CAJAS,montzay ,,
1059,,coladores,,SALIDA,2,,26-mar,jose ,TALLER CAJAS,montzay ,,
1060,,punta tor,,SALIDA,2,,26-mar,armando ,TALLER CAJAS,montzay ,,
1061,,spray plata,,SALIDA,1,,26-mar,bujanda,TALLER CAJAS,montzay ,,
1062,,remaches 3/16,,SALIDA,2,,26-mar,bujanda,TALLER CAJAS,montzay ,,
1063,,boya de gas,,SALIDA,1,,26-mar,eduardo ,TALLER CAJAS,montzay ,r338,
1064,,foco wh39,,ENTRADA,1,1,26-mar,fraga,TALLER TRACTOS,JESUS SOTO ,,
1065,,foco wh39,,SALIDA,1,0,26-mar,fraga,TALLER TRACTOS,montzar,,
1066,,wipers,diesel parts,ENTRADA,2,2,26-mar,fraga,TALLER TRACTOS,JESUS SOTO ,,
1067,,wipers,diesel parts,SALIDA,2,0,26-mar,fraga,TALLER TRACTOS,montzay,,
1068,,empaques del wh168,,ENTRADA,6,6,26-mar,fraga,TALLER TRACTOS,JESUS SOTO ,,
1069,,empaques del wh168,,SALIDA,6,0,26-mar,fraga ,TALLER TRACTOS,montzay,,
1070,,filtros wh168,,ENTRADA,1,1,26-mar,fraga,TALLER TRACTOS,JESUS SOTO ,,
1071,,filtros wh168,,SALIDA,1,0,26-mar,fraga,TALLER TRACTOS,montzay ,,
1072,,abrazaderas wh15,,ENTRADA,8,8,26-mar,fraga,TALLER TRACTOS,JESUS SOTO ,,
1073,,abrazaderas wh15,,SALIDA,8,0,26-mar,fraga,TALLER TRACTOS,montzay ,,
1074,,cable ,,ENTRADA,1,1,26-mar,fraga,TALLER TRACTOS,JESUS SOTO ,,
1075,,cable ,,SALIDA,1,0,26-mar,fraga,TALLER TRACTOS,montzay ,,
1076,,reten ,,ENTRADA,1,1,26-mar,fraga,TALLER TRACTOS,JESUS SOTO ,wh72,
1077,,reten ,,SALIDA,1,0,26-mar,fraga,TALLER TRACTOS,montzay,,
1078,,maria transparente,,SALIDA,1,,26-mar,jose ,TALLER CAJAS,montzay,,
1079,,silicon blanco,,SALIDA,1,,26-mar,rafa,TALLER CAJAS,montzay,,
1080,,remaches 3/16,,SALIDA,5,,26-mar,rafa,TALLER CAJAS,montzay ,,
1081,,hembra,,SALIDA,1,,26-mar,armando ,TALLER CAJAS,montzay,,
1082,,inspecciones de entrada y salida de remolques,,SALIDA,24,,26-mar,jaz,TALLER CAJAS,montzay,,
1083,,soqueteras,,SALIDA,2,,26-mar,jose ,TALLER CAJAS,montzay,,
1084,,aceite de motor mobil,,SALIDA,1,,26-mar,eduardo ,TALLER CAJAS,montzay,,
1085,,kit de termo king,,SALIDA,1,,26-mar,eduardo ,TALLER CAJAS,montzay,,
1086,,aceite de motor mobil,,ENTRADA,6,6,26-mar,fraga,TALLER TRACTOS,JESUS SOTO ,,
1087,,aceite de motor mobil,,SALIDA,6,0,26-mar,fraga,TALLER TRACTOS,montzay,,
1088,,filtros wh72,,ENTRADA,1,1,26-mar,fraga,TALLER TRACTOS,JESUS SOTO ,,
1089,,filtros wh72,,SALIDA,1,0,26-mar,fraga,TALLER TRACTOS,montzay,,
1090,,coladores,,SALIDA,5,,26-mar,lizardo ,TALLER CAJAS,montzay,,
1091,,maria roja,,SALIDA,4,,27-mar,adrian ,TALLER CAJAS,jaz,,
1092,,maria transparente,,SALIDA,3,,27-mar,adrian ,TALLER CAJAS,jaz,,
1093,,soqueteras,,SALIDA,3,,27-mar,adrian ,TALLER CAJAS,jaz,,
1094,,cinta aislante,,SALIDA,2,,27-mar,adrian ,TALLER CAJAS,jaz,,
1095,,rotachamber ,,SALIDA,1,,27-mar,armando ,TALLER CAJAS,jaz,,
1096,,maria ambar,,SALIDA,1,,27-mar,armando ,TALLER CAJAS,jaz,,
1097,,boya de gas,,SALIDA,1,,27-mar,mauro,TALLER CAJAS,montzay,,
1098,,empaque de 1/2,,SALIDA,1,,27-mar,lizardo ,TALLER CAJAS,montzay,,
1099,,remaches 3/16,,SALIDA,3,,27-mar,rafa,TALLER CAJAS,montzay,,
1100,,disco de corte de 4,,SALIDA,1,,27-mar,lizardo ,TALLER CAJAS,montzay,,
1101,,kit de herramientas ,,SALIDA,1,,27-mar,eduardo ,TALLER CAJAS,montzay,se compro en el paso ,
1102,,boya de gas,,SALIDA,1,,27-mar,eduardo ,TALLER CAJAS,montzay,1037 r180,
1103,,anticongelante,,ENTRADA,3,3,27-mar,fraga,TALLER TRACTOS,JESUS SOTO ,,
1104,,anticongelante,,SALIDA,3,0,27-mar,hector ,TALLER TRACTOS,montzay,,
1105,,inspecciones de entrada y salida de remolques,,SALIDA,24,,27-mar,lizardo ,TALLER CAJAS,montzay,,
1106,,liner,,ENTRADA,20,20,27-mar,jaz,TALLER CAJAS,JESUS SOTO ,,
1107,,liner,,SALIDA,20,0,27-mar,armando ,TALLER CAJAS,montzay,,
1108,,maria roja,,SALIDA,1,,27-mar,bujanda,TALLER CAJAS,montz,,
1109,,tapa de masa,,ENTRADA,12,12,27-mar,kevin,TALLER CAJAS,JESUS SOTO ,,
1110,,tapa de masa,,SALIDA,2,,27-mar,kevin,TALLER CAJAS,montzay,,
1111,,disco de corte de 4,,SALIDA,2,,27-mar,lizardo ,TALLER CAJAS,montzay,,
1112,,pulidor,,SALIDA,1,,27-mar,rafa,TALLER CAJAS,montzay,se compro en el paso ,
1113,,pulidor,,SALIDA,1,,27-mar,bujanda,TALLER CAJAS,montzay,se compro en el paso ,
1114,,maria transparente,,SALIDA,1,,27-mar,bujanda,TALLER CAJAS,montzay,,
1115,,tornillo de 5/8 con tuerca,,SALIDA,25,,27-mar,francisco,TALLER CAJAS,montzay,,
1116,,afloja todo ,,ENTRADA,5,5,27-mar,fraga,TALLER TRACTOS,JESUS SOTO ,,
1117,,afloja todo ,,SALIDA,5,0,27-mar,fraga,TALLER TRACTOS,montzay,,
1118,,limpia contactos,,ENTRADA,5,5,27-mar,fraga,TALLER TRACTOS,JESUS SOTO ,,
1119,,limpia contactos,,SALIDA,5,0,27-mar,fraga,TALLER TRACTOS,montzay ,,
1120,,foco pellizco,,ENTRADA,20,20,27-mar,fraga,TALLER TRACTOS,JESUS SOTO ,,
1121,,foco pellizco,,SALIDA,20,0,27-mar,fraga,TALLER TRACTOS,montzay ,,
1122,,rondana ajuste p clutch,,ENTRADA,4,4,27-mar,fraga,TALLER TRACTOS,JESUS SOTO ,,
1123,,rondana ajuste p clutch,,SALIDA,4,0,27-mar,fraga,TALLER TRACTOS,montzay,,
1124,,broca gps,,SALIDA,1,,28-mar,eduardo,TALLER CAJAS,montzay,,
1125,,remaches 3/16,,SALIDA,10,,28-mar,rafa,TALLER CAJAS,montzay,,
1126,,broca gps,,SALIDA,2,,28-mar,rafa,TALLER CAJAS,montzay,,
1127,,remaches 3/16,,SALIDA,3,,28-mar,lizardo,TALLER CAJAS,montzay,,
1128,,broca gps,,SALIDA,1,,28-mar,lizardo,TALLER CAJAS,montzay,,
1129,,broca gps,,SALIDA,1,,28-mar,eduardo,TALLER CAJAS,montzay,,
1130,,tornillo de 1/4 con tuerca,,SALIDA,15,,28-mar,rafa,TALLER CAJAS,montzay,,
1131,,silicon negro ,,SALIDA,1,,28-mar,rafa,TALLER CAJAS,montzay,,
1132,,silicon blanco,,SALIDA,1,,28-mar,rafa,TALLER CAJAS,montzay,,
1133,,tiner ,,SALIDA,1,,28-mar,armando ,TALLER CAJAS,montzay,,
1134,,brea fria,,SALIDA,1,,28-mar,armando ,TALLER CAJAS,montzay,,
1135,,coladores,,SALIDA,6,,28-mar,armando ,TALLER CAJAS,montzay,,
1136,,silicon blanco,,SALIDA,1,,28-mar,lizardo,TALLER CAJAS,montzay,,
1137,,matracas,,ENTRADA,2,2,28-mar,fraga,TALLER TRACTOS,jesus soto ,,
1138,,matracas,,SALIDA,2,0,28-mar,hector,TALLER TRACTOS,montzay,,
1139,,rotachamber ,,ENTRADA,2,2,28-mar,fraga,TALLER TRACTOS,jesus soto ,,
1140,,rotachamber ,,SALIDA,2,0,28-mar,hector,TALLER TRACTOS,montzay,,
1141,,liner,,ENTRADA,15,15,28-mar,jaz,TALLER CAJAS,jesus soto ,,
1142,,liner,,SALIDA,15,0,28-mar,meny,TALLER CAJAS,montzay,,
1143,,reten ,,ENTRADA,1,1,28-mar,meny,TALLER CAJAS,jesus soto ,,
1144,,reten ,,SALIDA,1,0,28-mar,meny,TALLER CAJAS,montzay,,
1145,,reten ,,ENTRADA,1,1,28-mar,meny,TALLER CAJAS,jesus soto ,,
1146,,reten ,,SALIDA,1,0,28-mar,meny,TALLER CAJAS,montzay,,
1147,,pilas,,SALIDA,2,,30-mar,adrian ,TALLER CAJAS,fraga ,,
1148,,cubeta de aceite de motor,,SALIDA,1,,30-mar,adrian ,TALLER CAJAS,fraga ,,
1149,,afloja todo ,,SALIDA,1,,30-mar,adrian ,TALLER CAJAS,fraga ,,
1150,,pivote,,SALIDA,1,,30-mar,jose ,,montzay,,
1151,,chaleco,diesel parts,SALIDA,1,,30-mar,alejandro mora,,montzay,,
1152,,empaque de 1/2,,SALIDA,1,,30-mar,armando ,,montzay,,
1153,,block inspeccion,,SALIDA,24,,30-mar,bujanda,,jaz,,
1154,,soldadura 7018,,SALIDA,"0,56",,30-mar,,,jaz,dr302,
1155,,bitacora local ,,SALIDA,50,,30-mar,jr,,montzay,,
1156,,silicon negro,,SALIDA,1,,30-mar,armando ,,montzay ,,
1157,,empaque de 1/2,,SALIDA,1,,30-mar,jose ,,mon,,
1158,,boya de gas,,SALIDA,1,,30-mar,eduardo,,mon,987,
1159,,remaches 3/16,,SALIDA,1,,30-mar,jose ,,mon,,
1160,,tornillo de 1/4 con tuerca,,SALIDA,15,,30-mar,bujanda,,mon,,
1161,,broca 9/32x12,,SALIDA,1,,30-mar,bujanda,,mon,,
1162,,inspecciones de entrada y salida de remolques,,SALIDA,24,,30-mar,jose ,,mon,,
1163,,parche xrp 10,,SALIDA,5,,30-mar,carlos ,TALLER TRACTOS,mon,,
1164,,disco de corte de 4,,SALIDA,2,,30-mar,lizardo,TALLER CAJAS,mon,,
1165,,bitacora inspeccion de viaje,,SALIDA,6,,30-mar,hugo,,mon,,
1166,,maria roja,,SALIDA,3,,30-mar,jose ,,mon,,
1167,,remaches 3/16,,SALIDA,4,,30-mar,armando ,,mon,,
1168,,silicon,,SALIDA,1,,30-mar,armando ,,mon,,
1169,,disco de corte de 4,,SALIDA,2,,30-mar,armando ,,mon,,
1170,,silicon blanco,,SALIDA,1,,30-mar,lizardo,,mon,,
1171,,tornillo de 1/4 con tuerca,,SALIDA,35,,30-mar,rafa,,mon,,
1172,,broca 9/32x12,,SALIDA,1,,30-mar,rafa,,mon,,
1173,,tambores ,,SALIDA,3,,30-mar,jose ,,mon,,
1174,,balatas 4707,,SALIDA,2,,30-mar,jose ,,mon,,
1175,,cubeta de aceite del 140,,ENTRADA,1,1,30-mar,fraga,,JESUS SOTO ,,
1176,,cubeta de aceite del 140,,SALIDA,1,0,30-mar,fraga,,mon,,
1177,,remaches 3/16,,SALIDA,4,,30-mar,bujanda,,mon,,
1178,,piso ,,ENTRADA,4 tablas,,30-mar,jaz,,JESUS SOTO ,,
1179,,piso ,,SALIDA,4 tablas,,30-mar,meny,,mon,,
1180,,aceite de motor mobil,,SALIDA,1,,30-mar,eduardo,,mon,r180,
1181,,kit termoking,,SALIDA,1,,30-mar,eduardo,,mon,r180,
1182,,aceite de motor mobil,,ENTRADA,1,,30-mar,eduardo,,mon,r213,
1183,,kit de carrier,,SALIDA,1,,30-mar,eduardo,,mon,r213,
1184,,parche xrp 10,,SALIDA,5,,30-mar,marcos ,,mon,,
1185,,pegamento de parches,,SALIDA,1,,30-mar,marcos ,,mon,,
1186,,silicon blanco,,SALIDA,2,,30-mar,rafa,,mon,,
1187,,disco de corte de 4,,SALIDA,2,,30-mar,rafa,,mon,,
1188,,empaques de 1/2,,SALIDA,5,,29-mar,meny,TALLER CAJAS,jaz,,
1189,,boya de gas,,SALIDA,1,,30-mar,eduardo,,mon,r180,
1190,,silicon negro,,SALIDA,1,,30-mar,lizardo,,mon,,
1191,,bitacora de reporte de inspeccion de caja a jaz,,SALIDA,8,,30-mar,jaz,,mon,,
1192,,pulmon,,SALIDA,1,,30-mar,fraga,TALLER TRACTOS,mon,,
1193,,kit de varillas,,SALIDA,1,,30-mar,fraga,TALLER TRACTOS,mon,,
1194,,tapa de masa,,SALIDA,2,,30-mar,fraga,TALLER TRACTOS,mon,,
1195,,conexiones,,SALIDA,1,,30-mar,fraga,TALLER TRACTOS,mon,,
1196,,bitacora local ,,SALIDA,50,,30-mar,rosendo,,mon,,
1197,,baterias seminuevas,,salida,3,,31-mar,,TALLER TRACTOS,fraga ,seminuevas,
1198,,maria ambar,,SALIDA,1,,31-mar,armando ,,alan,,
1199,,parche xrp 10,,SALIDA,3,,31-mar,adrian ,,alan,,
1200,,parche xrp 10,,SALIDA,5,,31-mar,marcos ,,alan,,
1201,,,,,,,,,,,,
1202,,balatas 4707,,SALIDA,1 juego,,31-mar,r220,,alan,,
1203,,spray negro,,SALIDA,1,,31-mar,armando ,,alan,,
1204,,soquetera ,,SALIDA,1,,31-mar,lizardo,,alan,,
1205,,solenoide,,SALIDA,1,,31-mar,marcos ,,alan,wr316,se compro en el paso 
1206,,tambores ,,SALIDA,2,,31-mar,adrian ,,alan,,
1207,,balatas 4707,,SALIDA,2 juegos,,31-mar,adrian ,,alan,,
1208,,comprobante de movimientos,,SALIDA,250,,31-mar,victor,,mon,,
1209,,bitacora de cruce,,SALIDA,250,,31-mar,victor,,mon,,
1210,,movimiento foraneo ,,SALIDA,50,,31-mar,victor,,mon,,
1211,,bitacora de cruce fronterizo,,SALIDA,50,,31-mar,victor,,mon,,
1212,,tornillo de 1/4 con tuerca,,SALIDA,10,,31-mar,rafa,,mon,,
1213,,remaches 3/16,,SALIDA,4,,31-mar,rafa,,mon,,
1214,,remaches 3/16,,SALIDA,4,,31-mar,armando ,,mon,,
1215,,silicon blanco,,SALIDA,2,,31-mar,armando ,,mon,,
1216,,soldadura de aluminio,,SALIDA,3,,31-mar,armando ,,mon,r345,
1217,,aceite de motor mobil,,SALIDA,1,,31-mar,eduardo,,mon,r301,
1218,,kit de filtros termoking,,SALIDA,1,,31-mar,eduardo,,mon,r301,
1219,,alternador wh51,,ENTRADA,1,,31-mar,fraga,,JESUS SOTO ,,
1220,,alternador wh51,,SALIDA,1,,31-mar,hector ,,mon,,
1221,,coladores,,SALIDA,5,,31-mar,lizardo,,mon,,
1222,,manometro,,SALIDA,1,,31-mar,fraga,,mon,se compro en el paso ,
1223,,boya de gas,,SALIDA,1,,31-mar,mauro ,,mon,,
1224,,remaches 3/16,,SALIDA,4,,31-mar,alberto gonzalez,,mon,,
1225,,aceite de motor mobil,,SALIDA,1,,31-mar,eduardo,,mon,974,
1226,,kit de carrier,,SALIDA,1,,31-mar,eduardo,,mon,974,
1227,,base alta para patin,,SALIDA,1,,31-mar,meny,,mon,1006,
1228,,direccional ambar,,SALIDA,1,,31-mar,kevin,,mon,a237,
1229,,pintura negra cubeta,,SALIDA,1,,31-mar,meny,,alan,,
1230,,pintura blanca cubeta,,SALIDA,1,,31-mar,meny,,alan,,
1231,,tanque de oxigeno,,SALIDA,1,,31-mar,meny,,alan,,
1232,,balatas 4707,,SALIDA,3 juegos,,31-mar,armando ,,mon,r345,
1233,,maria roja,,SALIDA,1,,31-mar,bujanda,,mon,,
1234,,maria transparente,,SALIDA,1,,31-mar,lizardo,,mon,,
1235,,soquetera ,,SALIDA,2,,31-mar,jose ,,mon,,
1236,,valvula wh69,,ENTRADA,1,1,31-mar,fraga,,jesus soto ,,
1237,,valvula wh69,,SALIDA,1,0,31-mar,carlos ,,mon,,
1238,,foco wh39,,SALIDA,1,,31-mar,hector,,mon,fue con cobro al operador ,
1239,,tapa de masa,,SALIDA,2,,31-mar,hector,,mon,wh46,
1240,,impac cubeta ,,SALIDA,2,,1-abr,adrian ,,alan,,
1241,,cepillo ,,SALIDA,1,,1-abr,adrian ,,alan,,
1242,,chirrion,,SALIDA,1,,1-abr,edgar cervantes,,alan,,
1243,,remaches 3/16,,SALIDA,6,,1-abr,armando ,,mon,,
1244,,silicon blanco,,SALIDA,2,,1-abr,armando ,,mon,,
1245,,hembra de pin,,SALIDA,1,,1-abr,jose ,,mon,,
1246,,disco de corte de 4,,SALIDA,1,,1-abr,lizardo,,alan,,
1247,,remaches 3/16,,SALIDA,4 bolsa,,1-abr,lizardo,,alan,,
1248,,remaches 3/16,,SALIDA,4 bolsa,,1-abr,bujanda,,mon,,
1249,,plafon fojo de 4,,SALIDA,1,,1-abr,jose ,,alan,,
1250,,silicon negro ,,SALIDA,2,,1-abr,rafa,,mon,,
1251,,remaches 3/16,,SALIDA,6 bolsa,,1-abr,rafa,,mon,,
1252,,tonillo de 1/4 con tuerca,,SALIDA,6,,1-abr,rafa,,mon,,
1253,,pintura de aluminio cubeta ,,SALIDA,1,0,1-abr,armando ,,alan,,
1254,,primer ,,SALIDA,1,0,1-abr,armando ,,alan,,
1255,,silicon blanco,,SALIDA,1,,1-abr,lizardo,,mon,,
1256,,remaches 3/16,,SALIDA,3 bolsa,,1-abr,lizardo,,mon,,
1257,,bitacora local ,,SALIDA,50,,1-abr,jr,,mon,,
1258,,conexión 1/2,,SALIDA,20,0,1-abr,fraga,TALLER TRACTOS,mon,,
1259,,conexión 3/8,,SALIDA,20,0,1-abr,fraga,TALLER TRACTOS,mon,,
1260,,conexión 1/8,,SALIDA,20,0,1-abr,fraga,TALLER TRACTOS,mon,,
1261,,conexión 5/8,,SALIDA,10,0,1-abr,fraga,TALLER TRACTOS,mon,,
1262,,repuesto del secador wh10,,SALIDA,1,0,1-abr,fraga,TALLER TRACTOS,mon,,
1263,,tornillo de 5/8 con tuerca,,SALIDA,4,,1-abr,francisco,TALLER CAJAS,mon,,
1264,,soldadura 6013,,SALIDA,2kilos,,1-abr,armando ,TALLER CAJAS,mon,,
1265,,soldadura 7018,,SALIDA,2 kilos,,1-abr,armando ,TALLER CAJAS,mon,,
1266,,cinta aislante,,SALIDA,1,,1-abr,eduardo,TALLER CAJAS,mon,,
1267,,soporte de cabina,,SALIDA,2,0,1-abr,hector,TALLER TRACTOS,mon,,
1268,,coladores,,SALIDA,3,,1-abr,jose ,,mon,,
1269,,remaches 3/16,,SALIDA,6 bolsa,,1-abr,luis gonzalez,TALLER CAJAS,mon,,
1270,,cinta reflejante,,SALIDA,1 rollo,,1-abr,bujanda,,mon,,
1271,,remaches 3/16,,SALIDA,3 bolsa,,1-abr,bujanda,,mon,,
1272,,maria roja,,SALIDA,1,,1-abr,bujanda,,mon,,
1273,,maria ambar,,SALIDA,2,,1-abr,bujanda,,mon,,
1274,,tambores ,,SALIDA,4,0,1-abr,meny,,mon,,
1275,,balatas 4707,,SALIDA,16,0,1-abr,meny,,mon,,
1276,,cargadores,,SALIDA,22,0,1-abr,meny,,mon,,
1277,,aceite de motor mobil,,SALIDA,6,0,1-abr,hector,,mon,wh62 y wh77,
1278,,bolsa ,,SALIDA,1,0,1-abr,mauro ,,mon,t255,
1279,,tornillo 3/8 con tuerca,,SALIDA,10,,1-abr,meny,,mon,nr356,
1280,,tornillo 1/4 con tuerca,,SALIDA,24,,1-abr,rafa,,mon,r182,
1281,,conector foco de neblina,,SALIDA,2,0,1-abr,fraga,,mon,wh72,
1282,,manguera para servicio ,,SALIDA,15 metros,0,1-abr,hector,,mon,,
1283,,brazo viajero,,SALIDA,1,0,1-abr,hector,,mon,wh224,
1284,,filtros ,,SALIDA,1,0,1-abr,hector,,mon,wh77,
1285,,bitacora local ,,SALIDA,100,,1-abr,rosendo,,mon,,
1286,,parche xrp 10,,salida,10,,2-abr,marcos ,,alan,,
1287,,maria ambar,,salida,3,,2-abr,marcos ,,alan,,
1288,,maria roja,,salida,3,,2-abr,marcos ,,alan,,
1289,,maria transparente,,salida,1,,2-abr,manuel,,alan,,
1290,,galon tiner,,salida,1,,2-abr,manuel,,alan,,
1291,,silicon blanco ,,salida,4,,2-abr,marcos ,,alan,,
1292,,direccional ambar,,salida,1,,2-abr,armando,,alan,,
1293,,direccional ambar,,salida,1,,2-abr,marcos ,,alan,,
1294,,soldadura 6013,,salida,1,,2-abr,adrian,,alan,,
1295,,cinta de aislar,,salida,2,,2-abr,marcos ,,alan,,
1296,,tornillo 3/8x3 completos,,salida,4,,2-abr,marcos ,,alan,,
1297,,hembra de pin,,salida,1,,2-abr,marcos ,,alan,,
1298,,soquetera ,,salida,2,,2-abr,adrian,,alan,,
1299,,soquetera ,,salida,2,,2-abr,marcos ,,alan,,
1300,,kilo de gas 134a,,ENTRADA,2,2,2-abr,jaz,,jesus soto ,,
1301,,kilo de gas 134a,,SALIDA,2,0,2-abr,eduardo,,montzay ,,
1302,,valvula para pivote,,ENTRADA,1,1,2-abr,jaz,,marisol soto ,,
1303,,valvula para pivote,,SALIDA,1,0,2-abr,eduardo,,montzay ,,
1304,,remaches 3/16,,SALIDA,2,,2-abr,rafa,,montzay ,,
1305,,broca gps,,SALIDA,1,,2-abr,rafa,,montzay ,,
1306,,remaches 3/16,,SALIDA,2,,2-abr,bujanda,,montzay ,,
1307,,filtros wh62,,ENTRADA,1,1,2-abr,fraga,,jesus soto ,,
1308,,filtros wh62,,SALIDA,1,0,2-abr,hector ,,montzay ,,
1309,,amortiguadores traseros ,,ENTRADA,4,4,2-abr,fraga,,jesus soto ,,
1310,,amortiguadores traseros ,,SALIDA,4,0,2-abr,hector ,,montzay ,,
1311,,amortiguadores delanteros ,,ENTRADA,2,2,2-abr,fraga,,jesus soto ,,
1312,,amortiguadores delanteros ,,SALIDA,2,0,2-abr,hector ,,montzay ,,
1313,,disco de corte de 4 1/2,,SALIDA,2,,2-abr,jose,,montzay ,,
1314,,disco de corte de 4 1/2,,SALIDA,2,,2-abr,alberto gonzalez,,montzay ,,
1315,,liner,,ENTRADA,20,20,2-abr,jaz,,jesus soto ,,
1316,,liner,,SALIDA,20,0,2-abr,meny,,montzay ,,
1317,,casco,,SALIDA,1,,2-abr,alberto gonzalez,,montzay ,,
1318,,gasolina,,SALIDA,20 litros,,2-abr,manuel ,,alan,,
1319,,gasolina,,SALIDA,20 litros,,2-abr,fraga,,alan,,
1320,,rotachamber ,,ENTRADA,2,2,2-abr,fraga,,jesus soto ,,
1321,,rotachamber ,,SALIDA,2,0,2-abr,fraga,,alan,,
1322,,disco de corte,,SALIDA,2,,2-abr,lizardo,,mon,,
1323,,coladores,,SALIDA,3,,,lizardo,,mon,,
1324,,remaches 3/16,,SALIDA,1 bolsa,,,hector,,mon,,
1325,,broca gps,,SALIDA,1,,,hector,,mon,,
1326,,conexión de 3/8 a 1/2,,SALIDA,3,0,,fraga,,montzay ,wh69,
1327,,tornillo 3/8 con tuerca,,SALIDA,48,,,jose,,mon,974,
1328,,broca 3/8,,SALIDA,1,,,jose,,mon,,
1329,,empaque,,SALIDA,1,,,fraga,,montzay ,wh77,se compro en el paso 
1330,,,,,,,,,,,,
1331,,remaches 3/16 ,,salida,2 bolsas,,11-abr,luis gonzalez,,alan,,
1332,,tapa de masa,,salida,1,,11-abr,armando,,montzay,,
1333,,remaches 3/16 ,,salida,2 bols,,11-abr,luis gonzalez,,montzay,,
1334,,broca gps,,salida,1,,11-abr,luis gonzalez,,montzay,,
1335,,silicon blanco ,,salida,1,,11-abr,jose ,,montzay ,,
1336,,remaches 3/16 ,,salida,1 bolsa,,11-abr,jose ,,montzay ,,
1337,,remaches 3/16 ,,salida,15 bolsa,,11-abr,armando,,montzay ,,
1338,,direccional ambar ,,salida,2,,11-abr,armando,,montzay ,,
1339,,silicon blanco ,,salida,2,,11-abr,armando,,montzay ,,
1340,,tornillo 5/16 con tuerca,,salida,6,,11-abr,armando,,montzay ,,
1341,,silicon blanco ,,salida,1,,17-abr,adrian,,alan,,
1342,,remaches 3/16 ,,salida,150,,17-abr,lizardo,,alan,,
1343,,maria ambar,,salida,1,,17-abr,rafa,,alan,,
1344,,soquetera,,salida,2,,17-abr,mauro,,alan,,
1345,,silicon blanco ,,salida,1,,17-abr,lizardo,,alan,,
1346,,tapa de masa,,salida,1,,17-abr,hector,,alan,,
1347,,hembra,,salida,1,,17-abr,deisy,,montzay ,,
1348,,balatas,,entrada,4,4,17-abr,jaz,,jesus soto ,,
1349,,balatas,,salida,4,0,17-abr,manuel,,alan ,a102,
1350,,tornillo 3/8  con tuerca,,salida,40,,17-abr,bujanda,,montzay ,,
1351,,silicon blanco ,,salida,1,,17-abr,rafa,,montzay ,,
1352,,remaches 3/16 ,,salida,150,,17-abr,rafa,,montzay ,,
1353,,radiador ,,entrada,1,1,17-abr,fraga,,jesus soto ,,
1354,,radiador ,,salida,1,0,17-abr,hector,,montzay ,wh19,
1355,,junta linea de inyector ,,entrada,12,12,17-abr,fraga,,jesus soto ,,
1356,,junta linea de inyector ,,salida,12,0,17-abr,hector,,alan,wh196 y wh102,
1357,,silicon negro ,,salida,1,,17-abr,jose ,,montzay ,,
1358,,broca 9/32,,salida,1,,17-abr,jose ,,montzay ,,
1359,,,,,,,,,,,,
1360,,,,,,,,,,,,
1361,,,,,,,,,,,,
1362,,,,,,,,,,,,
1363,,,,,,,,,,,,
1364,,,,,,,,,,,,
1365,,,,,,,,,,,,
1366,,,,,,,,,,,,
1367,,,,,,,,,,,,
1368,,,,,,,,,,,,
1369,,,,,,,,,,,,
1370,,,,,,,,,,,,
1371,,,,,,,,,,,,
1372,,,,,,,,,,,,